Workbook

Sheet Metricas
A1: ID | B1: Projeto | C1: Sprint | D1: Data | E1: Métrica | F1: Valor | G1: Meta | H1: Unidade | I1: Atingiu Meta | J1: Responsável
I2: =IF(AND(F2<>"",G2<>""),IF(F2>=G2,"Sim","Não"),"")
I3: =IF(AND(F3<>"",G3<>""),IF(F3>=G3,"Sim","Não"),"")
I4: =IF(AND(F4<>"",G4<>""),IF(F4>=G4,"Sim","Não"),"")
I5: =IF(AND(F5<>"",G5<>""),IF(F5>=G5,"Sim","Não"),"")
I6: =IF(AND(F6<>"",G6<>""),IF(F6>=G6,"Sim","Não"),"")
I7: =IF(AND(F7<>"",G7<>""),IF(F7>=G7,"Sim","Não"),"")
I8: =IF(AND(F8<>"",G8<>""),IF(F8>=G8,"Sim","Não"),"")
I9: =IF(AND(F9<>"",G9<>""),IF(F9>=G9,"Sim","Não"),"")
I10: =IF(AND(F10<>"",G10<>""),IF(F10>=G10,"Sim","Não"),"")
I11: =IF(AND(F11<>"",G11<>""),IF(F11>=G11,"Sim","Não"),"")
I12: =IF(AND(F12<>"",G12<>""),IF(F12>=G12,"Sim","Não"),"")
I13: =IF(AND(F13<>"",G13<>""),IF(F13>=G13,"Sim","Não"),"")
... I500: =IF(AND(F500<>"",G500<>""),IF(F500>=G500,"Sim","Não"),"")

Sheet Defeitos
A1: ID | B1: Severidade | C1: Tipo | D1: Tempo de Correção (dias)

Sheet Testes
A1: ID | B1: Sprint | C1: Casos Executados | D1: Casos Aprovados | E1: Cobertura (%)

Sheet Analises
A1: Análises de Qualidade
A2: Indicadores (KPIs) | D2: Defeitos por Severidade | H2: Tendência de Qualidade (Mensal)
A3: Total de Métricas | B3: =COUNTA(Metricas!A2:A500) | D3: Categoria | E3: Quantidade | H3: Mês | I3: Valor Médio | J3: Cobertura (%)
A4: % Metas Atingidas | B4: =IFERROR(COUNTIF(Metricas!I2:I500,"Sim")/(COUNTIF(Metricas!I2:I500,"Sim")+COUNTIF(Metricas!I2:I500,"Não"))*100,"") | D4: Crítica | E4: =COUNTIF(Defeitos!B2:B500,$D4) | H4: 2026-01 | I4: =IFERROR(AVERAGEIFS(Metricas!$F$2:$F$500,Metricas!$D$2:$D$500,">="&DATE(2026,1,1),Metricas!$D$2:$D$500,"<="&DATE(2026,1,DAY(EOMONTH(DATE(2026,1,1),0)))),"")
A5: Total de Defeitos | B5: =COUNTA(Defeitos!A2:A500) | D5: Alta | E5: =COUNTIF(Defeitos!B2:B500,$D5) | H5: 2026-02 | I5: =IFERROR(AVERAGEIFS(Metricas!$F$2:$F$500,Metricas!$D$2:$D$500,">="&DATE(2026,2,1),Metricas!$D$2:$D$500,"<="&DATE(2026,2,DAY(EOMONTH(DATE(2026,2,1),0)))),"")
A6: Defeitos Críticos | B6: =COUNTIF(Defeitos!B2:B500,"Crítica") | D6: Média | E6: =COUNTIF(Defeitos!B2:B500,$D6) | H6: 2026-03 | I6: =IFERROR(AVERAGEIFS(Metricas!$F$2:$F$500,Metricas!$D$2:$D$500,">="&DATE(2026,3,1),Metricas!$D$2:$D$500,"<="&DATE(2026,3,DAY(EOMONTH(DATE(2026,3,1),0)))),"")
A7: Tempo Médio de Correção (dias) | B7: =IFERROR(AVERAGE(Defeitos!D2:D500),"") | D7: Baixa | E7: =COUNTIF(Defeitos!B2:B500,$D7) | H7: 2026-04 | I7: =IFERROR(AVERAGEIFS(Metricas!$F$2:$F$500,Metricas!$D$2:$D$500,">="&DATE(2026,4,1),Metricas!$D$2:$D$500,"<="&DATE(2026,4,DAY(EOMONTH(DATE(2026,4,1),0)))),"")
A8: Casos Executados | B8: =SUM(Testes!C2:C500) | H8: 2026-05 | I8: =IFERROR(AVERAGEIFS(Metricas!$F$2:$F$500,Metricas!$D$2:$D$500,">="&DATE(2026,5,1),Metricas!$D$2:$D$500,"<="&DATE(2026,5,DAY(EOMONTH(DATE(2026,5,1),0)))),"")
A9: Casos Aprovados | B9: =SUM(Testes!D2:D500) | D9: Cumprimento de Metas | H9: 2026-06 | I9: =IFERROR(AVERAGEIFS(Metricas!$F$2:$F$500,Metricas!$D$2:$D$500,">="&DATE(2026,6,1),Metricas!$D$2:$D$500,"<="&DATE(2026,6,DAY(EOMONTH(DATE(2026,6,1),0)))),"")
A10: Eficiência de Testes (%) | B10: =IFERROR(B8/B7*100,"") | D10: Situação | E10: Quantidade | H10: 2026-07 | I10: =IFERROR(AVERAGEIFS(Metricas!$F$2:$F$500,Metricas!$D$2:$D$500,">="&DATE(2026,7,1),Metricas!$D$2:$D$500,"<="&DATE(2026,7,DAY(EOMONTH(DATE(2026,7,1),0)))),"")
A11: Cobertura Média (%) | B11: =IFERROR(AVERAGE(Testes!E2:E500),"") | D11: Atingidas | E11: =COUNTIF(Metricas!I2:I500,"Sim") | H11: 2026-08 | I11: =IFERROR(AVERAGEIFS(Metricas!$F$2:$F$500,Metricas!$D$2:$D$500,">="&DATE(2026,8,1),Metricas!$D$2:$D$500,"<="&DATE(2026,8,DAY(EOMONTH(DATE(2026,8,1),0)))),"")
D12: Não Atingidas | E12: =COUNTIF(Metricas!I2:I500,"Não") | H12: 2026-09 | I12: =IFERROR(AVERAGEIFS(Metricas!$F$2:$F$500,Metricas!$D$2:$D$500,">="&DATE(2026,9,1),Metricas!$D$2:$D$500,"<="&DATE(2026,9,DAY(EOMONTH(DATE(2026,9,1),0)))),"")
H13: 2026-10 | I13: =IFERROR(AVERAGEIFS(Metricas!$F$2:$F$500,Metricas!$D$2:$D$500,">="&DATE(2026,10,1),Metricas!$D$2:$D$500,"<="&DATE(2026,10,DAY(EOMONTH(DATE(2026,10,1),0)))),"")
H14: 2026-11 | I14: =IFERROR(AVERAGEIFS(Metricas!$F$2:$F$500,Metricas!$D$2:$D$500,">="&DATE(2026,11,1),Metricas!$D$2:$D$500,"<="&DATE(2026,11,DAY(EOMONTH(DATE(2026,11,1),0)))),"")
H15: 2026-12 | I15: =IFERROR(AVERAGEIFS(Metricas!$F$2:$F$500,Metricas!$D$2:$D$500,">="&DATE(2026,12,1),Metricas!$D$2:$D$500,"<="&DATE(2026,12,DAY(EOMONTH(DATE(2026,12,1),0)))),"")

Sheet Dashboards
A1: Painel de Qualidade
A3: Indicadores (KPIs)
A4: % Metas Atingidas | B4: =Analises!B4
A5: Defeitos Críticos | B5: =Analises!B6
A6: Eficiência de Testes (%) | B6: =Analises!B10
A7: Cobertura Média (%) | B7: =Analises!B11

Sheet Listas
A1: Tipo de Métrica | B1: Severidade | C1: Status | D1: Tipo de Defeito
A2: Densidade de Defeitos | B2: Crítica | C2: Aberto | D2: Funcional
A3: Cobertura de Testes | B3: Alta | C3: Em Correção | D3: Interface
A4: Taxa de Retrabalho | B4: Média | C4: Fechado | D4: Desempenho
A5: Yield de Revisão | B5: Baixa | D5: Segurança
A6: Eficiência de Remoção | D6: Usabilidade
A7: Satisfação | D7: Dados
A8: Outra | D8: Outro
