Workbook

Sheet Apontamentos
A1: ID | B1: Projeto | C1: Atividade | D1: Responsável | E1: Data | F1: Hora Início | G1: Hora Fim | H1: Duração (h) | I1: Tipo de Atividade | J1: Status | K1: Observações
H2: =IF(AND(F2<>"",G2<>""),(G2-F2)*24,"")
H3: =IF(AND(F3<>"",G3<>""),(G3-F3)*24,"")
H4: =IF(AND(F4<>"",G4<>""),(G4-F4)*24,"")
H5: =IF(AND(F5<>"",G5<>""),(G5-F5)*24,"")
H6: =IF(AND(F6<>"",G6<>""),(G6-F6)*24,"")
H7: =IF(AND(F7<>"",G7<>""),(G7-F7)*24,"")
H8: =IF(AND(F8<>"",G8<>""),(G8-F8)*24,"")
H9: =IF(AND(F9<>"",G9<>""),(G9-F9)*24,"")
H10: =IF(AND(F10<>"",G10<>""),(G10-F10)*24,"")
H11: =IF(AND(F11<>"",G11<>""),(G11-F11)*24,"")
H12: =IF(AND(F12<>"",G12<>""),(G12-F12)*24,"")
H13: =IF(AND(F13<>"",G13<>""),(G13-F13)*24,"")
... H500: =IF(AND(F500<>"",G500<>""),(G500-F500)*24,"")

Sheet Consolidado
A1: Consolidado de Tempo
A3: Total de Horas por Projeto | D3: Total por Pessoa | G3: Total por Sprint
A4: Projeto | B4: Horas | D4: Responsável | E4: Horas | G4: Sprint | H4: Horas
A5: Projeto A | B5: =SUMIF(Apontamentos!B2:B500,$A5,Apontamentos!H2:H500) | E5: =IF($D5="","",SUMIF(Apontamentos!D2:D500,$D5,Apontamentos!H2:H500))
A6: Projeto B | B6: =SUMIF(Apontamentos!B2:B500,$A6,Apontamentos!H2:H500) | E6: =IF($D6="","",SUMIF(Apontamentos!D2:D500,$D6,Apontamentos!H2:H500))
A7: Projeto C | B7: =SUMIF(Apontamentos!B2:B500,$A7,Apontamentos!H2:H500) | E7: =IF($D7="","",SUMIF(Apontamentos!D2:D500,$D7,Apontamentos!H2:H500))
E8: =IF($D8="","",SUMIF(Apontamentos!D2:D500,$D8,Apontamentos!H2:H500))
E9: =IF($D9="","",SUMIF(Apontamentos!D2:D500,$D9,Apontamentos!H2:H500))
E10: =IF($D10="","",SUMIF(Apontamentos!D2:D500,$D10,Apontamentos!H2:H500))
E11: =IF($D11="","",SUMIF(Apontamentos!D2:D500,$D11,Apontamentos!H2:H500))
E12: =IF($D12="","",SUMIF(Apontamentos!D2:D500,$D12,Apontamentos!H2:H500))
E13: =IF($D13="","",SUMIF(Apontamentos!D2:D500,$D13,Apontamentos!H2:H500))
E14: =IF($D14="","",SUMIF(Apontamentos!D2:D500,$D14,Apontamentos!H2:H500))
E15: =IF($D15="","",SUMIF(Apontamentos!D2:D500,$D15,Apontamentos!H2:H500))
E16: =IF($D16="","",SUMIF(Apontamentos!D2:D500,$D16,Apontamentos!H2:H500))

Sheet Analises
A1: Análises de Tempo
A2: Indicadores (KPIs) | D2: Distribuição de Esforço por Tipo | H2: Evolução Temporal das Horas
A3: Total de Horas | B3: =SUM(Apontamentos!H2:H500) | D3: Tipo de Atividade | E3: Horas | H3: Mês | I3: Horas
A4: Total de Apontamentos | B4: =COUNTA(Apontamentos!A2:A500) | D4: Desenvolvimento | E4: =SUMIF(Apontamentos!I2:I500,$D4,Apontamentos!H2:H500) | H4: 2026-01 | I4: =SUMIFS(Apontamentos!$H$2:$H$500,Apontamentos!$E$2:$E$500,">="&DATE(2026,1,1),Apontamentos!$E$2:$E$500,"<="&DATE(2026,1,DAY(EOMONTH(DATE(2026,1,1),0))))
A5: Duração Média (h) | B5: =IFERROR(AVERAGE(Apontamentos!H2:H500),"") | D5: Teste | E5: =SUMIF(Apontamentos!I2:I500,$D5,Apontamentos!H2:H500) | H5: 2026-02 | I5: =SUMIFS(Apontamentos!$H$2:$H$500,Apontamentos!$E$2:$E$500,">="&DATE(2026,2,1),Apontamentos!$E$2:$E$500,"<="&DATE(2026,2,DAY(EOMONTH(DATE(2026,2,1),0))))
A6: Horas Concluídas | B6: =SUMIF(Apontamentos!J2:J500,"Concluído",Apontamentos!H2:H500) | D6: Reunião | E6: =SUMIF(Apontamentos!I2:I500,$D6,Apontamentos!H2:H500) | H6: 2026-03 | I6: =SUMIFS(Apontamentos!$H$2:$H$500,Apontamentos!$E$2:$E$500,">="&DATE(2026,3,1),Apontamentos!$E$2:$E$500,"<="&DATE(2026,3,DAY(EOMONTH(DATE(2026,3,1),0))))
A7: % Concluído | B7: =IFERROR(B6/B3*100,"") | D7: Suporte | E7: =SUMIF(Apontamentos!I2:I500,$D7,Apontamentos!H2:H500) | H7: 2026-04 | I7: =SUMIFS(Apontamentos!$H$2:$H$500,Apontamentos!$E$2:$E$500,">="&DATE(2026,4,1),Apontamentos!$E$2:$E$500,"<="&DATE(2026,4,DAY(EOMONTH(DATE(2026,4,1),0))))
D8: Análise | E8: =SUMIF(Apontamentos!I2:I500,$D8,Apontamentos!H2:H500) | H8: 2026-05 | I8: =SUMIFS(Apontamentos!$H$2:$H$500,Apontamentos!$E$2:$E$500,">="&DATE(2026,5,1),Apontamentos!$E$2:$E$500,"<="&DATE(2026,5,DAY(EOMONTH(DATE(2026,5,1),0))))
D9: Documentação | E9: =SUMIF(Apontamentos!I2:I500,$D9,Apontamentos!H2:H500) | H9: 2026-06 | I9: =SUMIFS(Apontamentos!$H$2:$H$500,Apontamentos!$E$2:$E$500,">="&DATE(2026,6,1),Apontamentos!$E$2:$E$500,"<="&DATE(2026,6,DAY(EOMONTH(DATE(2026,6,1),0))))
D10: Integração | E10: =SUMIF(Apontamentos!I2:I500,$D10,Apontamentos!H2:H500) | H10: 2026-07 | I10: =SUMIFS(Apontamentos!$H$2:$H$500,Apontamentos!$E$2:$E$500,">="&DATE(2026,7,1),Apontamentos!$E$2:$E$500,"<="&DATE(2026,7,DAY(EOMONTH(DATE(2026,7,1),0))))
D11: Correção | E11: =SUMIF(Apontamentos!I2:I500,$D11,Apontamentos!H2:H500) | H11: 2026-08 | I11: =SUMIFS(Apontamentos!$H$2:$H$500,Apontamentos!$E$2:$E$500,">="&DATE(2026,8,1),Apontamentos!$E$2:$E$500,"<="&DATE(2026,8,DAY(EOMONTH(DATE(2026,8,1),0))))
H12: 2026-09 | I12: =SUMIFS(Apontamentos!$H$2:$H$500,Apontamentos!$E$2:$E$500,">="&DATE(2026,9,1),Apontamentos!$E$2:$E$500,"<="&DATE(2026,9,DAY(EOMONTH(DATE(2026,9,1),0))))
H13: 2026-10 | I13: =SUMIFS(Apontamentos!$H$2:$H$500,Apontamentos!$E$2:$E$500,">="&DATE(2026,10,1),Apontamentos!$E$2:$E$500,"<="&DATE(2026,10,DAY(EOMONTH(DATE(2026,10,1),0))))
H14: 2026-11 | I14: =SUMIFS(Apontamentos!$H$2:$H$500,Apontamentos!$E$2:$E$500,">="&DATE(2026,11,1),Apontamentos!$E$2:$E$500,"<="&DATE(2026,11,DAY(EOMONTH(DATE(2026,11,1),0))))
H15: 2026-12 | I15: =SUMIFS(Apontamentos!$H$2:$H$500,Apontamentos!$E$2:$E$500,">="&DATE(2026,12,1),Apontamentos!$E$2:$E$500,"<="&DATE(2026,12,DAY(EOMONTH(DATE(2026,12,1),0))))

Sheet Dashboards
A1: Painel de Tempo
A3: Indicadores (KPIs)
A4: Total de Horas | B4: =Analises!B3
A5: Duração Média (h) | B5: =Analises!B5
A6: % Concluído | B6: =Analises!B7

Sheet Listas
A1: Tipo de Atividade | B1: Status | C1: Projetos
A2: Desenvolvimento | B2: Concluído | C2: Projeto A
A3: Teste | B3: Em andamento | C3: Projeto B
A4: Reunião | B4: Bloqueado | C4: Projeto C
A5: Suporte
A6: Análise
A7: Documentação
A8: Integração
A9: Correção
