Workbook

Sheet Records
A1: ID | B1: Project | C1: Team | D1: Date | E1: Sprint | F1: Activity | G1: Work Type | H1: Owner | I1: Worked Hours | J1: Completed Items | K1: Rework

Sheet History
A1: Period | B1: Change Type | C1: Description | D1: Team | E1: Impact | F1: Date | G1: Owner

Sheet Analyses
A1: Productivity History Analyses
A2: Indicators (KPIs) | D2: Efficiency by Team | I2: Average Productivity by Sprint
A3: Total Hours | B3: =SUM(Records!I2:I500) | D3: Team | E3: Hours | F3: Items | G3: Productivity (Items/Hour) | I3: Sprint | J3: Productivity (Items/Hour)
A4: Total Completed Items | B4: =SUM(Records!J2:J500) | D4: Team 1 | E4: =SUMIF(Records!C2:C500,$D4,Records!I2:I500) | F4: =SUMIF(Records!C2:C500,$D4,Records!J2:J500) | G4: =IFERROR(F4/E4,"") | J4: =IF($I4="","",IFERROR(SUMIF(Records!E2:E500,$I4,Records!J2:J500)/SUMIF(Records!E2:E500,$I4,Records!I2:I500),""))
A5: Average Productivity (Items/Hour) | B5: =IFERROR(B4/B3,"") | D5: Team 2 | E5: =SUMIF(Records!C2:C500,$D5,Records!I2:I500) | F5: =SUMIF(Records!C2:C500,$D5,Records!J2:J500) | G5: =IFERROR(F5/E5,"") | J5: =IF($I5="","",IFERROR(SUMIF(Records!E2:E500,$I5,Records!J2:J500)/SUMIF(Records!E2:E500,$I5,Records!I2:I500),""))
A6: Rework Rate (%) | B6: =IFERROR(COUNTIF(Records!K2:K500,"Yes")/COUNTA(Records!A2:A500)*100,"") | D6: Team 3 | E6: =SUMIF(Records!C2:C500,$D6,Records!I2:I500) | F6: =SUMIF(Records!C2:C500,$D6,Records!J2:J500) | G6: =IFERROR(F6/E6,"") | J6: =IF($I6="","",IFERROR(SUMIF(Records!E2:E500,$I6,Records!J2:J500)/SUMIF(Records!E2:E500,$I6,Records!I2:I500),""))
J7: =IF($I7="","",IFERROR(SUMIF(Records!E2:E500,$I7,Records!J2:J500)/SUMIF(Records!E2:E500,$I7,Records!I2:I500),""))
J8: =IF($I8="","",IFERROR(SUMIF(Records!E2:E500,$I8,Records!J2:J500)/SUMIF(Records!E2:E500,$I8,Records!I2:I500),""))
A9: Productivity Trend (Monthly) | J9: =IF($I9="","",IFERROR(SUMIF(Records!E2:E500,$I9,Records!J2:J500)/SUMIF(Records!E2:E500,$I9,Records!I2:I500),""))
A10: Month | B10: Hours | C10: Items | D10: Productivity (Items/Hour) | J10: =IF($I10="","",IFERROR(SUMIF(Records!E2:E500,$I10,Records!J2:J500)/SUMIF(Records!E2:E500,$I10,Records!I2:I500),""))
A11: 2026-01 | B11: =SUMIFS(Records!$I$2:$I$500,Records!$D$2:$D$500,">="&DATE(2026,1,1),Records!$D$2:$D$500,"<="&DATE(2026,1,DAY(EOMONTH(DATE(2026,1,1),0)))) | C11: =SUMIFS(Records!$J$2:$J$500,Records!$D$2:$D$500,">="&DATE(2026,1,1),Records!$D$2:$D$500,"<="&DATE(2026,1,DAY(EOMONTH(DATE(2026,1,1),0)))) | D11: =IFERROR(C11/B11,"") | J11: =IF($I11="","",IFERROR(SUMIF(Records!E2:E500,$I11,Records!J2:J500)/SUMIF(Records!E2:E500,$I11,Records!I2:I500),""))
A12: 2026-02 | B12: =SUMIFS(Records!$I$2:$I$500,Records!$D$2:$D$500,">="&DATE(2026,2,1),Records!$D$2:$D$500,"<="&DATE(2026,2,DAY(EOMONTH(DATE(2026,2,1),0)))) | C12: =SUMIFS(Records!$J$2:$J$500,Records!$D$2:$D$500,">="&DATE(2026,2,1),Records!$D$2:$D$500,"<="&DATE(2026,2,DAY(EOMONTH(DATE(2026,2,1),0)))) | D12: =IFERROR(C12/B12,"") | J12: =IF($I12="","",IFERROR(SUMIF(Records!E2:E500,$I12,Records!J2:J500)/SUMIF(Records!E2:E500,$I12,Records!I2:I500),""))
A13: 2026-03 | B13: =SUMIFS(Records!$I$2:$I$500,Records!$D$2:$D$500,">="&DATE(2026,3,1),Records!$D$2:$D$500,"<="&DATE(2026,3,DAY(EOMONTH(DATE(2026,3,1),0)))) | C13: =SUMIFS(Records!$J$2:$J$500,Records!$D$2:$D$500,">="&DATE(2026,3,1),Records!$D$2:$D$500,"<="&DATE(2026,3,DAY(EOMONTH(DATE(2026,3,1),0)))) | D13: =IFERROR(C13/B13,"") | J13: =IF($I13="","",IFERROR(SUMIF(Records!E2:E500,$I13,Records!J2:J500)/SUMIF(Records!E2:E500,$I13,Records!I2:I500),""))
A14: 2026-04 | B14: =SUMIFS(Records!$I$2:$I$500,Records!$D$2:$D$500,">="&DATE(2026,4,1),Records!$D$2:$D$500,"<="&DATE(2026,4,DAY(EOMONTH(DATE(2026,4,1),0)))) | C14: =SUMIFS(Records!$J$2:$J$500,Records!$D$2:$D$500,">="&DATE(2026,4,1),Records!$D$2:$D$500,"<="&DATE(2026,4,DAY(EOMONTH(DATE(2026,4,1),0)))) | D14: =IFERROR(C14/B14,"") | J14: =IF($I14="","",IFERROR(SUMIF(Records!E2:E500,$I14,Records!J2:J500)/SUMIF(Records!E2:E500,$I14,Records!I2:I500),""))
A15: 2026-05 | B15: =SUMIFS(Records!$I$2:$I$500,Records!$D$2:$D$500,">="&DATE(2026,5,1),Records!$D$2:$D$500,"<="&DATE(2026,5,DAY(EOMONTH(DATE(2026,5,1),0)))) | C15: =SUMIFS(Records!$J$2:$J$500,Records!$D$2:$D$500,">="&DATE(2026,5,1),Records!$D$2:$D$500,"<="&DATE(2026,5,DAY(EOMONTH(DATE(2026,5,1),0)))) | D15: =IFERROR(C15/B15,"") | J15: =IF($I15="","",IFERROR(SUMIF(Records!E2:E500,$I15,Records!J2:J500)/SUMIF(Records!E2:E500,$I15,Records!I2:I500),""))
A16: 2026-06 | B16: =SUMIFS(Records!$I$2:$I$500,Records!$D$2:$D$500,">="&DATE(2026,6,1),Records!$D$2:$D$500,"<="&DATE(2026,6,DAY(EOMONTH(DATE(2026,6,1),0)))) | C16: =SUMIFS(Records!$J$2:$J$500,Records!$D$2:$D$500,">="&DATE(2026,6,1),Records!$D$2:$D$500,"<="&DATE(2026,6,DAY(EOMONTH(DATE(2026,6,1),0)))) | D16: =IFERROR(C16/B16,"")
A17: 2026-07 | B17: =SUMIFS(Records!$I$2:$I$500,Records!$D$2:$D$500,">="&DATE(2026,7,1),Records!$D$2:$D$500,"<="&DATE(2026,7,DAY(EOMONTH(DATE(2026,7,1),0)))) | C17: =SUMIFS(Records!$J$2:$J$500,Records!$D$2:$D$500,">="&DATE(2026,7,1),Records!$D$2:$D$500,"<="&DATE(2026,7,DAY(EOMONTH(DATE(2026,7,1),0)))) | D17: =IFERROR(C17/B17,"")
A18: 2026-08 | B18: =SUMIFS(Records!$I$2:$I$500,Records!$D$2:$D$500,">="&DATE(2026,8,1),Records!$D$2:$D$500,"<="&DATE(2026,8,DAY(EOMONTH(DATE(2026,8,1),0)))) | C18: =SUMIFS(Records!$J$2:$J$500,Records!$D$2:$D$500,">="&DATE(2026,8,1),Records!$D$2:$D$500,"<="&DATE(2026,8,DAY(EOMONTH(DATE(2026,8,1),0)))) | D18: =IFERROR(C18/B18,"") | I18: Rework by Team
A19: 2026-09 | B19: =SUMIFS(Records!$I$2:$I$500,Records!$D$2:$D$500,">="&DATE(2026,9,1),Records!$D$2:$D$500,"<="&DATE(2026,9,DAY(EOMONTH(DATE(2026,9,1),0)))) | C19: =SUMIFS(Records!$J$2:$J$500,Records!$D$2:$D$500,">="&DATE(2026,9,1),Records!$D$2:$D$500,"<="&DATE(2026,9,DAY(EOMONTH(DATE(2026,9,1),0)))) | D19: =IFERROR(C19/B19,"") | I19: Team | J19: Rework
A20: 2026-10 | B20: =SUMIFS(Records!$I$2:$I$500,Records!$D$2:$D$500,">="&DATE(2026,10,1),Records!$D$2:$D$500,"<="&DATE(2026,10,DAY(EOMONTH(DATE(2026,10,1),0)))) | C20: =SUMIFS(Records!$J$2:$J$500,Records!$D$2:$D$500,">="&DATE(2026,10,1),Records!$D$2:$D$500,"<="&DATE(2026,10,DAY(EOMONTH(DATE(2026,10,1),0)))) | D20: =IFERROR(C20/B20,"") | I20: Team 1 | J20: =COUNTIFS(Records!C2:C500,$I20,Records!K2:K500,"Yes")
A21: 2026-11 | B21: =SUMIFS(Records!$I$2:$I$500,Records!$D$2:$D$500,">="&DATE(2026,11,1),Records!$D$2:$D$500,"<="&DATE(2026,11,DAY(EOMONTH(DATE(2026,11,1),0)))) | C21: =SUMIFS(Records!$J$2:$J$500,Records!$D$2:$D$500,">="&DATE(2026,11,1),Records!$D$2:$D$500,"<="&DATE(2026,11,DAY(EOMONTH(DATE(2026,11,1),0)))) | D21: =IFERROR(C21/B21,"") | I21: Team 2 | J21: =COUNTIFS(Records!C2:C500,$I21,Records!K2:K500,"Yes")
A22: 2026-12 | B22: =SUMIFS(Records!$I$2:$I$500,Records!$D$2:$D$500,">="&DATE(2026,12,1),Records!$D$2:$D$500,"<="&DATE(2026,12,DAY(EOMONTH(DATE(2026,12,1),0)))) | C22: =SUMIFS(Records!$J$2:$J$500,Records!$D$2:$D$500,">="&DATE(2026,12,1),Records!$D$2:$D$500,"<="&DATE(2026,12,DAY(EOMONTH(DATE(2026,12,1),0)))) | D22: =IFERROR(C22/B22,"") | I22: Team 3 | J22: =COUNTIFS(Records!C2:C500,$I22,Records!K2:K500,"Yes")

Sheet Dashboards
A1: Productivity History Dashboard
A3: Indicators (KPIs)
A4: Total Hours | B4: =Analyses!B3
A5: Total Completed Items | B5: =Analyses!B4
A6: Average Productivity (Items/Hour) | B6: =Analyses!B5
A7: Rework Rate (%) | B7: =Analyses!B6

Sheet Lists
A1: Work Type | B1: Teams | C1: Status | D1: Change Type | E1: Yes/No
A2: Development | B2: Team 1 | C2: Completed | D2: Team Change | E2: Yes
A3: Testing | B3: Team 2 | C3: In Progress | D3: Process Change | E3: No
A4: Meeting | B4: Team 3 | C4: Blocked | D4: Tool Change
A5: Fixing | D5: Other
A6: Analysis
A7: Documentation
A8: Support
A9: Integration
