Workbook

Sheet Defeitos
A1: ID | B1: Data Identificação | C1: Projeto | D1: Módulo | E1: Tipo de Defeito | F1: Severidade | G1: Status | H1: Fase de Introdução | I1: Fase de Detecção | J1: Responsável | K1: Tempo de Correção (dias) | L1: Tamanho (KLOC) | M1: Causa Raiz

Sheet Indicadores
A1: Indicadores Consolidados de Defeitos
A2: Indicadores (KPIs)
A3: Total de Defeitos | B3: =COUNTA(Defeitos!A2:A500)
A4: Defeitos Abertos | B4: =COUNTIF(Defeitos!G2:G500,"Aberto")
A5: Defeitos Fechados | B5: =COUNTIF(Defeitos!G2:G500,"Fechado")
A6: Defeitos Críticos | B6: =COUNTIF(Defeitos!F2:F500,"Crítica")
A7: Tempo Médio de Correção (dias) | B7: =IFERROR(AVERAGE(Defeitos!K2:K500),"")
A8: Tamanho Total (KLOC) | B8: =SUM(Defeitos!L2:L500)
A9: Densidade de Defeitos (def/KLOC) | B9: =IFERROR(Indicadores!B3/Indicadores!B8,"")
A10: % Defeitos Críticos | B10: =IFERROR(Indicadores!B6/Indicadores!B3*100,"")

Sheet Analises
A1: Análises Consolidadas
A2: Por Severidade | D2: Consolidado por Projeto
A3: Categoria | B3: Quantidade | D3: Projeto | E3: Total | F3: Abertos | G3: Fechados | H3: Críticos
A4: Crítica | B4: =COUNTIF(Defeitos!F2:F500,$A4) | E4: =IF($D4="","",COUNTIF(Defeitos!C2:C500,$D4)) | F4: =IF($D4="","",COUNTIFS(Defeitos!C2:C500,$D4,Defeitos!G2:G500,"Aberto")) | G4: =IF($D4="","",COUNTIFS(Defeitos!C2:C500,$D4,Defeitos!G2:G500,"Fechado")) | H4: =IF($D4="","",COUNTIFS(Defeitos!C2:C500,$D4,Defeitos!F2:F500,"Crítica"))
A5: Alta | B5: =COUNTIF(Defeitos!F2:F500,$A5) | E5: =IF($D5="","",COUNTIF(Defeitos!C2:C500,$D5)) | F5: =IF($D5="","",COUNTIFS(Defeitos!C2:C500,$D5,Defeitos!G2:G500,"Aberto")) | G5: =IF($D5="","",COUNTIFS(Defeitos!C2:C500,$D5,Defeitos!G2:G500,"Fechado")) | H5: =IF($D5="","",COUNTIFS(Defeitos!C2:C500,$D5,Defeitos!F2:F500,"Crítica"))
A6: Média | B6: =COUNTIF(Defeitos!F2:F500,$A6) | E6: =IF($D6="","",COUNTIF(Defeitos!C2:C500,$D6)) | F6: =IF($D6="","",COUNTIFS(Defeitos!C2:C500,$D6,Defeitos!G2:G500,"Aberto")) | G6: =IF($D6="","",COUNTIFS(Defeitos!C2:C500,$D6,Defeitos!G2:G500,"Fechado")) | H6: =IF($D6="","",COUNTIFS(Defeitos!C2:C500,$D6,Defeitos!F2:F500,"Crítica"))
A7: Baixa | B7: =COUNTIF(Defeitos!F2:F500,$A7) | E7: =IF($D7="","",COUNTIF(Defeitos!C2:C500,$D7)) | F7: =IF($D7="","",COUNTIFS(Defeitos!C2:C500,$D7,Defeitos!G2:G500,"Aberto")) | G7: =IF($D7="","",COUNTIFS(Defeitos!C2:C500,$D7,Defeitos!G2:G500,"Fechado")) | H7: =IF($D7="","",COUNTIFS(Defeitos!C2:C500,$D7,Defeitos!F2:F500,"Crítica"))
E8: =IF($D8="","",COUNTIF(Defeitos!C2:C500,$D8)) | F8: =IF($D8="","",COUNTIFS(Defeitos!C2:C500,$D8,Defeitos!G2:G500,"Aberto")) | G8: =IF($D8="","",COUNTIFS(Defeitos!C2:C500,$D8,Defeitos!G2:G500,"Fechado")) | H8: =IF($D8="","",COUNTIFS(Defeitos!C2:C500,$D8,Defeitos!F2:F500,"Crítica"))
A9: Por Tipo | E9: =IF($D9="","",COUNTIF(Defeitos!C2:C500,$D9)) | F9: =IF($D9="","",COUNTIFS(Defeitos!C2:C500,$D9,Defeitos!G2:G500,"Aberto")) | G9: =IF($D9="","",COUNTIFS(Defeitos!C2:C500,$D9,Defeitos!G2:G500,"Fechado")) | H9: =IF($D9="","",COUNTIFS(Defeitos!C2:C500,$D9,Defeitos!F2:F500,"Crítica")) | J9: Por Módulo
A10: Categoria | B10: Quantidade | E10: =IF($D10="","",COUNTIF(Defeitos!C2:C500,$D10)) | F10: =IF($D10="","",COUNTIFS(Defeitos!C2:C500,$D10,Defeitos!G2:G500,"Aberto")) | G10: =IF($D10="","",COUNTIFS(Defeitos!C2:C500,$D10,Defeitos!G2:G500,"Fechado")) | H10: =IF($D10="","",COUNTIFS(Defeitos!C2:C500,$D10,Defeitos!F2:F500,"Crítica")) | J10: Módulo | K10: Quantidade
A11: Funcional | B11: =COUNTIF(Defeitos!E2:E500,$A11) | E11: =IF($D11="","",COUNTIF(Defeitos!C2:C500,$D11)) | F11: =IF($D11="","",COUNTIFS(Defeitos!C2:C500,$D11,Defeitos!G2:G500,"Aberto")) | G11: =IF($D11="","",COUNTIFS(Defeitos!C2:C500,$D11,Defeitos!G2:G500,"Fechado")) | H11: =IF($D11="","",COUNTIFS(Defeitos!C2:C500,$D11,Defeitos!F2:F500,"Crítica")) | K11: =IF($J11="","",COUNTIF(Defeitos!D2:D500,$J11))
A12: Interface | B12: =COUNTIF(Defeitos!E2:E500,$A12) | E12: =IF($D12="","",COUNTIF(Defeitos!C2:C500,$D12)) | F12: =IF($D12="","",COUNTIFS(Defeitos!C2:C500,$D12,Defeitos!G2:G500,"Aberto")) | G12: =IF($D12="","",COUNTIFS(Defeitos!C2:C500,$D12,Defeitos!G2:G500,"Fechado")) | H12: =IF($D12="","",COUNTIFS(Defeitos!C2:C500,$D12,Defeitos!F2:F500,"Crítica")) | K12: =IF($J12="","",COUNTIF(Defeitos!D2:D500,$J12))
A13: Desempenho | B13: =COUNTIF(Defeitos!E2:E500,$A13) | E13: =IF($D13="","",COUNTIF(Defeitos!C2:C500,$D13)) | F13: =IF($D13="","",COUNTIFS(Defeitos!C2:C500,$D13,Defeitos!G2:G500,"Aberto")) | G13: =IF($D13="","",COUNTIFS(Defeitos!C2:C500,$D13,Defeitos!G2:G500,"Fechado")) | H13: =IF($D13="","",COUNTIFS(Defeitos!C2:C500,$D13,Defeitos!F2:F500,"Crítica")) | K13: =IF($J13="","",COUNTIF(Defeitos!D2:D500,$J13))
A14: Segurança | B14: =COUNTIF(Defeitos!E2:E500,$A14) | E14: =IF($D14="","",COUNTIF(Defeitos!C2:C500,$D14)) | F14: =IF($D14="","",COUNTIFS(Defeitos!C2:C500,$D14,Defeitos!G2:G500,"Aberto")) | G14: =IF($D14="","",COUNTIFS(Defeitos!C2:C500,$D14,Defeitos!G2:G500,"Fechado")) | H14: =IF($D14="","",COUNTIFS(Defeitos!C2:C500,$D14,Defeitos!F2:F500,"Crítica")) | K14: =IF($J14="","",COUNTIF(Defeitos!D2:D500,$J14))
A15: Usabilidade | B15: =COUNTIF(Defeitos!E2:E500,$A15) | E15: =IF($D15="","",COUNTIF(Defeitos!C2:C500,$D15)) | F15: =IF($D15="","",COUNTIFS(Defeitos!C2:C500,$D15,Defeitos!G2:G500,"Aberto")) | G15: =IF($D15="","",COUNTIFS(Defeitos!C2:C500,$D15,Defeitos!G2:G500,"Fechado")) | H15: =IF($D15="","",COUNTIFS(Defeitos!C2:C500,$D15,Defeitos!F2:F500,"Crítica")) | K15: =IF($J15="","",COUNTIF(Defeitos!D2:D500,$J15))
A16: Compatibilidade | B16: =COUNTIF(Defeitos!E2:E500,$A16) | E16: =IF($D16="","",COUNTIF(Defeitos!C2:C500,$D16)) | F16: =IF($D16="","",COUNTIFS(Defeitos!C2:C500,$D16,Defeitos!G2:G500,"Aberto")) | G16: =IF($D16="","",COUNTIFS(Defeitos!C2:C500,$D16,Defeitos!G2:G500,"Fechado")) | H16: =IF($D16="","",COUNTIFS(Defeitos!C2:C500,$D16,Defeitos!F2:F500,"Crítica")) | K16: =IF($J16="","",COUNTIF(Defeitos!D2:D500,$J16))
A17: Documentação | B17: =COUNTIF(Defeitos!E2:E500,$A17) | E17: =IF($D17="","",COUNTIF(Defeitos!C2:C500,$D17)) | F17: =IF($D17="","",COUNTIFS(Defeitos!C2:C500,$D17,Defeitos!G2:G500,"Aberto")) | G17: =IF($D17="","",COUNTIFS(Defeitos!C2:C500,$D17,Defeitos!G2:G500,"Fechado")) | H17: =IF($D17="","",COUNTIFS(Defeitos!C2:C500,$D17,Defeitos!F2:F500,"Crítica")) | K17: =IF($J17="","",COUNTIF(Defeitos!D2:D500,$J17))
A18: Dados | B18: =COUNTIF(Defeitos!E2:E500,$A18) | E18: =IF($D18="","",COUNTIF(Defeitos!C2:C500,$D18)) | F18: =IF($D18="","",COUNTIFS(Defeitos!C2:C500,$D18,Defeitos!G2:G500,"Aberto")) | G18: =IF($D18="","",COUNTIFS(Defeitos!C2:C500,$D18,Defeitos!G2:G500,"Fechado")) | H18: =IF($D18="","",COUNTIFS(Defeitos!C2:C500,$D18,Defeitos!F2:F500,"Crítica")) | K18: =IF($J18="","",COUNTIF(Defeitos!D2:D500,$J18))
A19: Infraestrutura | B19: =COUNTIF(Defeitos!E2:E500,$A19) | K19: =IF($J19="","",COUNTIF(Defeitos!D2:D500,$J19))
A20: Outro | B20: =COUNTIF(Defeitos!E2:E500,$A20) | K20: =IF($J20="","",COUNTIF(Defeitos!D2:D500,$J20))
K21: =IF($J21="","",COUNTIF(Defeitos!D2:D500,$J21))
K22: =IF($J22="","",COUNTIF(Defeitos!D2:D500,$J22))

Sheet Dashboards
A1: Painel Consolidado de Defeitos
A3: Indicadores (KPIs) | D3: Evolução Temporal (Identificados)
A4: Total de Defeitos | B4: =Indicadores!B3 | D4: Mês | E4: Quantidade
A5: Defeitos Críticos | B5: =Indicadores!B6 | D5: 2026-01 | E5: =COUNTIFS(Defeitos!$B$2:$B$500,">="&DATE(2026,1,1),Defeitos!$B$2:$B$500,"<="&DATE(2026,1,DAY(EOMONTH(DATE(2026,1,1),0))))
A6: Densidade de Defeitos (def/KLOC) | B6: =Indicadores!B9 | D6: 2026-02 | E6: =COUNTIFS(Defeitos!$B$2:$B$500,">="&DATE(2026,2,1),Defeitos!$B$2:$B$500,"<="&DATE(2026,2,DAY(EOMONTH(DATE(2026,2,1),0))))
A7: % Defeitos Críticos | B7: =Indicadores!B10 | D7: 2026-03 | E7: =COUNTIFS(Defeitos!$B$2:$B$500,">="&DATE(2026,3,1),Defeitos!$B$2:$B$500,"<="&DATE(2026,3,DAY(EOMONTH(DATE(2026,3,1),0))))
D8: 2026-04 | E8: =COUNTIFS(Defeitos!$B$2:$B$500,">="&DATE(2026,4,1),Defeitos!$B$2:$B$500,"<="&DATE(2026,4,DAY(EOMONTH(DATE(2026,4,1),0))))
D9: 2026-05 | E9: =COUNTIFS(Defeitos!$B$2:$B$500,">="&DATE(2026,5,1),Defeitos!$B$2:$B$500,"<="&DATE(2026,5,DAY(EOMONTH(DATE(2026,5,1),0))))
D10: 2026-06 | E10: =COUNTIFS(Defeitos!$B$2:$B$500,">="&DATE(2026,6,1),Defeitos!$B$2:$B$500,"<="&DATE(2026,6,DAY(EOMONTH(DATE(2026,6,1),0))))
D11: 2026-07 | E11: =COUNTIFS(Defeitos!$B$2:$B$500,">="&DATE(2026,7,1),Defeitos!$B$2:$B$500,"<="&DATE(2026,7,DAY(EOMONTH(DATE(2026,7,1),0))))
D12: 2026-08 | E12: =COUNTIFS(Defeitos!$B$2:$B$500,">="&DATE(2026,8,1),Defeitos!$B$2:$B$500,"<="&DATE(2026,8,DAY(EOMONTH(DATE(2026,8,1),0))))
D13: 2026-09 | E13: =COUNTIFS(Defeitos!$B$2:$B$500,">="&DATE(2026,9,1),Defeitos!$B$2:$B$500,"<="&DATE(2026,9,DAY(EOMONTH(DATE(2026,9,1),0))))
D14: 2026-10 | E14: =COUNTIFS(Defeitos!$B$2:$B$500,">="&DATE(2026,10,1),Defeitos!$B$2:$B$500,"<="&DATE(2026,10,DAY(EOMONTH(DATE(2026,10,1),0))))
D15: 2026-11 | E15: =COUNTIFS(Defeitos!$B$2:$B$500,">="&DATE(2026,11,1),Defeitos!$B$2:$B$500,"<="&DATE(2026,11,DAY(EOMONTH(DATE(2026,11,1),0))))
D16: 2026-12 | E16: =COUNTIFS(Defeitos!$B$2:$B$500,">="&DATE(2026,12,1),Defeitos!$B$2:$B$500,"<="&DATE(2026,12,DAY(EOMONTH(DATE(2026,12,1),0))))

Sheet Listas
A1: Severidade | B1: Status | C1: Tipo de Defeito | D1: Fase
A2: Crítica | B2: Aberto | C2: Funcional | D2: Requisitos
A3: Alta | B3: Em Análise | C3: Interface | D3: Design
A4: Média | B4: Em Correção | C4: Desempenho | D4: Codificação
A5: Baixa | B5: Em Reteste | C5: Segurança | D5: Integração
B6: Fechado | C6: Usabilidade | D6: Teste
B7: Cancelado | C7: Compatibilidade | D7: Implantação
C8: Documentação | D8: Produção
C9: Dados
C10: Infraestrutura
C11: Outro
