Workbook

Sheet Estimativas
A1: ID | B1: Projeto | C1: Release | D1: Sprint / Iteração | E1: Épico | F1: Funcionalidade / Entrega | G1: Responsável pela Estimativa | H1: Técnica de Estimativa | I1: Data da Estimativa | J1: Complexidade | K1: Tamanho Estimado | L1: Unidade de Medida | M1: Melhor Cenário | N1: Cenário Mais Provável | O1: Pior Cenário | P1: Estimativa Final | Q1: Premissas | R1: Restrições | S1: Dependências | T1: Responsável pela Aprovação | U1: Status | V1: Observações
P2: =IF(AND(M2<>"",N2<>"",O2<>""),(M2+4*N2+O2)/6,"")
P3: =IF(AND(M3<>"",N3<>"",O3<>""),(M3+4*N3+O3)/6,"")
P4: =IF(AND(M4<>"",N4<>"",O4<>""),(M4+4*N4+O4)/6,"")
P5: =IF(AND(M5<>"",N5<>"",O5<>""),(M5+4*N5+O5)/6,"")
P6: =IF(AND(M6<>"",N6<>"",O6<>""),(M6+4*N6+O6)/6,"")
P7: =IF(AND(M7<>"",N7<>"",O7<>""),(M7+4*N7+O7)/6,"")
P8: =IF(AND(M8<>"",N8<>"",O8<>""),(M8+4*N8+O8)/6,"")
P9: =IF(AND(M9<>"",N9<>"",O9<>""),(M9+4*N9+O9)/6,"")
P10: =IF(AND(M10<>"",N10<>"",O10<>""),(M10+4*N10+O10)/6,"")
P11: =IF(AND(M11<>"",N11<>"",O11<>""),(M11+4*N11+O11)/6,"")
P12: =IF(AND(M12<>"",N12<>"",O12<>""),(M12+4*N12+O12)/6,"")
P13: =IF(AND(M13<>"",N13<>"",O13<>""),(M13+4*N13+O13)/6,"")
... P500: =IF(AND(M500<>"",N500<>"",O500<>""),(M500+4*N500+O500)/6,"")

Sheet Planejado_vs_Realizado
A1: ID da Estimativa | B1: Funcionalidade / Entrega | C1: Estimativa Inicial | D1: Unidade | E1: Esforço Realizado | F1: Desvio Absoluto | G1: Desvio Percentual | H1: Data de Conclusão | I1: Responsável | J1: Justificativa do Desvio | K1: Lições Aprendidas
F2: =IF(AND(C2<>"",E2<>""),E2-C2,"") | G2: =IF(AND(C2<>"",C2<>0,E2<>""),(E2-C2)/C2*100,"")
F3: =IF(AND(C3<>"",E3<>""),E3-C3,"") | G3: =IF(AND(C3<>"",C3<>0,E3<>""),(E3-C3)/C3*100,"")
F4: =IF(AND(C4<>"",E4<>""),E4-C4,"") | G4: =IF(AND(C4<>"",C4<>0,E4<>""),(E4-C4)/C4*100,"")
F5: =IF(AND(C5<>"",E5<>""),E5-C5,"") | G5: =IF(AND(C5<>"",C5<>0,E5<>""),(E5-C5)/C5*100,"")
F6: =IF(AND(C6<>"",E6<>""),E6-C6,"") | G6: =IF(AND(C6<>"",C6<>0,E6<>""),(E6-C6)/C6*100,"")
F7: =IF(AND(C7<>"",E7<>""),E7-C7,"") | G7: =IF(AND(C7<>"",C7<>0,E7<>""),(E7-C7)/C7*100,"")
F8: =IF(AND(C8<>"",E8<>""),E8-C8,"") | G8: =IF(AND(C8<>"",C8<>0,E8<>""),(E8-C8)/C8*100,"")
F9: =IF(AND(C9<>"",E9<>""),E9-C9,"") | G9: =IF(AND(C9<>"",C9<>0,E9<>""),(E9-C9)/C9*100,"")
F10: =IF(AND(C10<>"",E10<>""),E10-C10,"") | G10: =IF(AND(C10<>"",C10<>0,E10<>""),(E10-C10)/C10*100,"")
F11: =IF(AND(C11<>"",E11<>""),E11-C11,"") | G11: =IF(AND(C11<>"",C11<>0,E11<>""),(E11-C11)/C11*100,"")
F12: =IF(AND(C12<>"",E12<>""),E12-C12,"") | G12: =IF(AND(C12<>"",C12<>0,E12<>""),(E12-C12)/C12*100,"")
F13: =IF(AND(C13<>"",E13<>""),E13-C13,"") | G13: =IF(AND(C13<>"",C13<>0,E13<>""),(E13-C13)/C13*100,"")
... F500: =IF(AND(C500<>"",E500<>""),E500-C500,"") | G500: =IF(AND(C500<>"",C500<>0,E500<>""),(E500-C500)/C500*100,"")

Sheet Analises
A1: Análises de Estimativas
A2: Indicadores (KPIs) | D2: Por Técnica | G2: Desvio Médio por Responsável
A3: Total de Estimativas | B3: =COUNTA(Estimativas!A2:A500) | D3: Categoria | E3: Quantidade | G3: Responsável | H3: Desvio Médio (%)
A4: Entregas Concluídas | B4: =COUNTIF(Estimativas!U2:U500,"Concluído") | D4: Opinião Especializada | E4: =COUNTIF(Estimativas!H2:H500,$D4) | H4: =IF($G4="","",IFERROR(AVERAGEIF(Planejado_vs_Realizado!I2:I500,$G4,Planejado_vs_Realizado!G2:G500),""))
A5: Média das Estimativas | B5: =IFERROR(AVERAGE(Estimativas!P2:P500),"") | D5: Planning Poker | E5: =COUNTIF(Estimativas!H2:H500,$D5) | H5: =IF($G5="","",IFERROR(AVERAGEIF(Planejado_vs_Realizado!I2:I500,$G5,Planejado_vs_Realizado!G2:G500),""))
A6: Média do Realizado | B6: =IFERROR(AVERAGE(Planejado_vs_Realizado!E2:E500),"") | D6: Pontos de Função | E6: =COUNTIF(Estimativas!H2:H500,$D6) | H6: =IF($G6="","",IFERROR(AVERAGEIF(Planejado_vs_Realizado!I2:I500,$G6,Planejado_vs_Realizado!G2:G500),""))
A7: Média do Desvio % | B7: =IFERROR(AVERAGE(Planejado_vs_Realizado!G2:G500),"") | D7: Wideband Delphi | E7: =COUNTIF(Estimativas!H2:H500,$D7) | H7: =IF($G7="","",IFERROR(AVERAGEIF(Planejado_vs_Realizado!I2:I500,$G7,Planejado_vs_Realizado!G2:G500),""))
A8: Mediana do Desvio % | B8: =IFERROR(MEDIAN(Planejado_vs_Realizado!G2:G500),"") | D8: Análise Histórica | E8: =COUNTIF(Estimativas!H2:H500,$D8) | H8: =IF($G8="","",IFERROR(AVERAGEIF(Planejado_vs_Realizado!I2:I500,$G8,Planejado_vs_Realizado!G2:G500),""))
A9: Maior Desvio Positivo (%) | B9: =IFERROR(MAX(Planejado_vs_Realizado!G2:G500),"") | D9: Estimativa de Três Pontos | E9: =COUNTIF(Estimativas!H2:H500,$D9) | H9: =IF($G9="","",IFERROR(AVERAGEIF(Planejado_vs_Realizado!I2:I500,$G9,Planejado_vs_Realizado!G2:G500),""))
A10: Maior Desvio Negativo (%) | B10: =IFERROR(MIN(Planejado_vs_Realizado!G2:G500),"") | D10: PSP | E10: =COUNTIF(Estimativas!H2:H500,$D10) | H10: =IF($G10="","",IFERROR(AVERAGEIF(Planejado_vs_Realizado!I2:I500,$G10,Planejado_vs_Realizado!G2:G500),""))
A11: % dentro de ±10% | B11: =IFERROR(COUNTIFS(Planejado_vs_Realizado!G2:G500,">=-10",Planejado_vs_Realizado!G2:G500,"<=10")/COUNT(Planejado_vs_Realizado!G2:G500)*100,"") | D11: Outra | E11: =COUNTIF(Estimativas!H2:H500,$D11) | H11: =IF($G11="","",IFERROR(AVERAGEIF(Planejado_vs_Realizado!I2:I500,$G11,Planejado_vs_Realizado!G2:G500),""))
A12: % dentro de ±20% | B12: =IFERROR(COUNTIFS(Planejado_vs_Realizado!G2:G500,">=-20",Planejado_vs_Realizado!G2:G500,"<=20")/COUNT(Planejado_vs_Realizado!G2:G500)*100,"") | H12: =IF($G12="","",IFERROR(AVERAGEIF(Planejado_vs_Realizado!I2:I500,$G12,Planejado_vs_Realizado!G2:G500),""))
A13: % acima de 20% de desvio | B13: =IFERROR((COUNTIF(Planejado_vs_Realizado!G2:G500,">20")+COUNTIF(Planejado_vs_Realizado!G2:G500,"<-20"))/COUNT(Planejado_vs_Realizado!G2:G500)*100,"") | D13: Por Complexidade | H13: =IF($G13="","",IFERROR(AVERAGEIF(Planejado_vs_Realizado!I2:I500,$G13,Planejado_vs_Realizado!G2:G500),""))
D14: Categoria | E14: Quantidade
D15: Baixa | E15: =COUNTIF(Estimativas!J2:J500,$D15) | G15: Estimativas por Projeto
D16: Média | E16: =COUNTIF(Estimativas!J2:J500,$D16) | G16: Projeto | H16: Quantidade
D17: Alta | E17: =COUNTIF(Estimativas!J2:J500,$D17) | H17: =IF($G17="","",COUNTIF(Estimativas!B2:B500,$G17))
D18: Muito Alta | E18: =COUNTIF(Estimativas!J2:J500,$D18) | H18: =IF($G18="","",COUNTIF(Estimativas!B2:B500,$G18))
H19: =IF($G19="","",COUNTIF(Estimativas!B2:B500,$G19))
H20: =IF($G20="","",COUNTIF(Estimativas!B2:B500,$G20))
H21: =IF($G21="","",COUNTIF(Estimativas!B2:B500,$G21))
H22: =IF($G22="","",COUNTIF(Estimativas!B2:B500,$G22))
H23: =IF($G23="","",COUNTIF(Estimativas!B2:B500,$G23))
H24: =IF($G24="","",COUNTIF(Estimativas!B2:B500,$G24))
H25: =IF($G25="","",COUNTIF(Estimativas!B2:B500,$G25))
H26: =IF($G26="","",COUNTIF(Estimativas!B2:B500,$G26))

Sheet Dashboards
A1: Painel de Estimativas
A3: Indicadores (KPIs) | D3: Evolução Mensal do Desvio % Médio
A4: Total de Estimativas | B4: =Analises!B3 | D4: Mês | E4: Desvio Médio (%)
A5: % dentro de ±10% | B5: =Analises!B11 | D5: 2026-01 | E5: =IFERROR(AVERAGEIFS(Planejado_vs_Realizado!$G$2:$G$500,Planejado_vs_Realizado!$H$2:$H$500,">="&DATE(2026,1,1),Planejado_vs_Realizado!$H$2:$H$500,"<="&DATE(2026,1,DAY(EOMONTH(DATE(2026,1,1),0)))),"")
A6: % dentro de ±20% | B6: =Analises!B12 | D6: 2026-02 | E6: =IFERROR(AVERAGEIFS(Planejado_vs_Realizado!$G$2:$G$500,Planejado_vs_Realizado!$H$2:$H$500,">="&DATE(2026,2,1),Planejado_vs_Realizado!$H$2:$H$500,"<="&DATE(2026,2,DAY(EOMONTH(DATE(2026,2,1),0)))),"")
A7: Média do Desvio % | B7: =Analises!B7 | D7: 2026-03 | E7: =IFERROR(AVERAGEIFS(Planejado_vs_Realizado!$G$2:$G$500,Planejado_vs_Realizado!$H$2:$H$500,">="&DATE(2026,3,1),Planejado_vs_Realizado!$H$2:$H$500,"<="&DATE(2026,3,DAY(EOMONTH(DATE(2026,3,1),0)))),"")
A8: Mediana do Desvio % | B8: =Analises!B8 | D8: 2026-04 | E8: =IFERROR(AVERAGEIFS(Planejado_vs_Realizado!$G$2:$G$500,Planejado_vs_Realizado!$H$2:$H$500,">="&DATE(2026,4,1),Planejado_vs_Realizado!$H$2:$H$500,"<="&DATE(2026,4,DAY(EOMONTH(DATE(2026,4,1),0)))),"")
D9: 2026-05 | E9: =IFERROR(AVERAGEIFS(Planejado_vs_Realizado!$G$2:$G$500,Planejado_vs_Realizado!$H$2:$H$500,">="&DATE(2026,5,1),Planejado_vs_Realizado!$H$2:$H$500,"<="&DATE(2026,5,DAY(EOMONTH(DATE(2026,5,1),0)))),"")
D10: 2026-06 | E10: =IFERROR(AVERAGEIFS(Planejado_vs_Realizado!$G$2:$G$500,Planejado_vs_Realizado!$H$2:$H$500,">="&DATE(2026,6,1),Planejado_vs_Realizado!$H$2:$H$500,"<="&DATE(2026,6,DAY(EOMONTH(DATE(2026,6,1),0)))),"")
D11: 2026-07 | E11: =IFERROR(AVERAGEIFS(Planejado_vs_Realizado!$G$2:$G$500,Planejado_vs_Realizado!$H$2:$H$500,">="&DATE(2026,7,1),Planejado_vs_Realizado!$H$2:$H$500,"<="&DATE(2026,7,DAY(EOMONTH(DATE(2026,7,1),0)))),"")
D12: 2026-08 | E12: =IFERROR(AVERAGEIFS(Planejado_vs_Realizado!$G$2:$G$500,Planejado_vs_Realizado!$H$2:$H$500,">="&DATE(2026,8,1),Planejado_vs_Realizado!$H$2:$H$500,"<="&DATE(2026,8,DAY(EOMONTH(DATE(2026,8,1),0)))),"")
D13: 2026-09 | E13: =IFERROR(AVERAGEIFS(Planejado_vs_Realizado!$G$2:$G$500,Planejado_vs_Realizado!$H$2:$H$500,">="&DATE(2026,9,1),Planejado_vs_Realizado!$H$2:$H$500,"<="&DATE(2026,9,DAY(EOMONTH(DATE(2026,9,1),0)))),"")
D14: 2026-10 | E14: =IFERROR(AVERAGEIFS(Planejado_vs_Realizado!$G$2:$G$500,Planejado_vs_Realizado!$H$2:$H$500,">="&DATE(2026,10,1),Planejado_vs_Realizado!$H$2:$H$500,"<="&DATE(2026,10,DAY(EOMONTH(DATE(2026,10,1),0)))),"")
D15: 2026-11 | E15: =IFERROR(AVERAGEIFS(Planejado_vs_Realizado!$G$2:$G$500,Planejado_vs_Realizado!$H$2:$H$500,">="&DATE(2026,11,1),Planejado_vs_Realizado!$H$2:$H$500,"<="&DATE(2026,11,DAY(EOMONTH(DATE(2026,11,1),0)))),"")
D16: 2026-12 | E16: =IFERROR(AVERAGEIFS(Planejado_vs_Realizado!$G$2:$G$500,Planejado_vs_Realizado!$H$2:$H$500,">="&DATE(2026,12,1),Planejado_vs_Realizado!$H$2:$H$500,"<="&DATE(2026,12,DAY(EOMONTH(DATE(2026,12,1),0)))),"")

Sheet Listas
A1: Complexidade | B1: Status | C1: Técnica de Estimativa | D1: Unidade
A2: Baixa | B2: Planejado | C2: Opinião Especializada | D2: Horas
A3: Média | B3: Em Execução | C3: Planning Poker | D3: Dias
A4: Alta | B4: Concluído | C4: Pontos de Função | D4: Story Points
A5: Muito Alta | B5: Cancelado | C5: Wideband Delphi | D5: Pontos de Função
C6: Análise Histórica | D6: Casos de Uso
C7: Estimativa de Três Pontos | D7: Outra
C8: PSP
C9: Outra
