Workbook

Sheet Registros
A1: ID | B1: Projeto | C1: Equipe | D1: Sprint / Iteração | E1: Data | F1: Atividade | G1: Tipo | H1: Responsável | I1: Hora Início | J1: Hora Fim | K1: Duração | L1: Horas Planejadas | M1: Horas Realizadas | N1: Status | O1: Observações
K2: =IF(AND(I2<>"",J2<>""),(J2-I2)*24,"")
K3: =IF(AND(I3<>"",J3<>""),(J3-I3)*24,"")
K4: =IF(AND(I4<>"",J4<>""),(J4-I4)*24,"")
K5: =IF(AND(I5<>"",J5<>""),(J5-I5)*24,"")
K6: =IF(AND(I6<>"",J6<>""),(J6-I6)*24,"")
K7: =IF(AND(I7<>"",J7<>""),(J7-I7)*24,"")
K8: =IF(AND(I8<>"",J8<>""),(J8-I8)*24,"")
K9: =IF(AND(I9<>"",J9<>""),(J9-I9)*24,"")
K10: =IF(AND(I10<>"",J10<>""),(J10-I10)*24,"")
K11: =IF(AND(I11<>"",J11<>""),(J11-I11)*24,"")
K12: =IF(AND(I12<>"",J12<>""),(J12-I12)*24,"")
K13: =IF(AND(I13<>"",J13<>""),(J13-I13)*24,"")
... K500: =IF(AND(I500<>"",J500<>""),(J500-I500)*24,"")

Sheet Indicadores
A1: Indicadores de Tempo
A2: Indicadores (KPIs)
A3: Total de Horas Planejadas | B3: =SUM(Registros!L2:L500)
A4: Total de Horas Realizadas | B4: =SUM(Registros!M2:M500)
A5: Desvio (Real - Plan) | B5: =Indicadores!B4-Indicadores!B3
A6: Média de Duração por Atividade (h) | B6: =IFERROR(AVERAGE(Registros!K2:K500),"")
A7: Eficiência (%) (Plan/Real) | B7: =IFERROR(Indicadores!B3/Indicadores!B4*100,"")
A8: Taxa de Atraso (%) | B8: =IFERROR(SUMPRODUCT((Registros!M2:M500<>"")*(Registros!L2:L500<>"")*(Registros!M2:M500>Registros!L2:L500))/COUNTA(Registros!A2:A500)*100,"")

Sheet Analises
A1: Análises de Tempo
A3: Horas por Tipo de Atividade | D3: Comparação entre Equipes
A4: Tipo | B4: Horas Realizadas | D4: Equipe | E4: Horas Realizadas
A5: Desenvolvimento | B5: =SUMIF(Registros!G2:G500,$A5,Registros!M2:M500) | D5: Equipe 1 | E5: =SUMIF(Registros!C2:C500,$D5,Registros!M2:M500)
A6: Teste | B6: =SUMIF(Registros!G2:G500,$A6,Registros!M2:M500) | D6: Equipe 2 | E6: =SUMIF(Registros!C2:C500,$D6,Registros!M2:M500)
A7: Reunião | B7: =SUMIF(Registros!G2:G500,$A7,Registros!M2:M500) | D7: Equipe 3 | E7: =SUMIF(Registros!C2:C500,$D7,Registros!M2:M500)
A8: Suporte | B8: =SUMIF(Registros!G2:G500,$A8,Registros!M2:M500)
A9: Análise | B9: =SUMIF(Registros!G2:G500,$A9,Registros!M2:M500) | D9: Produtividade por Sprint
A10: Documentação | B10: =SUMIF(Registros!G2:G500,$A10,Registros!M2:M500) | D10: Sprint / Iteração | E10: Horas Realizadas
A11: Integração | B11: =SUMIF(Registros!G2:G500,$A11,Registros!M2:M500) | E11: =IF($D11="","",SUMIF(Registros!D2:D500,$D11,Registros!M2:M500))
E12: =IF($D12="","",SUMIF(Registros!D2:D500,$D12,Registros!M2:M500))
A13: Horas por Responsável | E13: =IF($D13="","",SUMIF(Registros!D2:D500,$D13,Registros!M2:M500))
A14: Responsável | B14: Horas Realizadas | E14: =IF($D14="","",SUMIF(Registros!D2:D500,$D14,Registros!M2:M500))
B15: =IF($A15="","",SUMIF(Registros!H2:H500,$A15,Registros!M2:M500)) | E15: =IF($D15="","",SUMIF(Registros!D2:D500,$D15,Registros!M2:M500))
B16: =IF($A16="","",SUMIF(Registros!H2:H500,$A16,Registros!M2:M500)) | E16: =IF($D16="","",SUMIF(Registros!D2:D500,$D16,Registros!M2:M500))
B17: =IF($A17="","",SUMIF(Registros!H2:H500,$A17,Registros!M2:M500)) | E17: =IF($D17="","",SUMIF(Registros!D2:D500,$D17,Registros!M2:M500))
B18: =IF($A18="","",SUMIF(Registros!H2:H500,$A18,Registros!M2:M500)) | E18: =IF($D18="","",SUMIF(Registros!D2:D500,$D18,Registros!M2:M500))
B19: =IF($A19="","",SUMIF(Registros!H2:H500,$A19,Registros!M2:M500)) | E19: =IF($D19="","",SUMIF(Registros!D2:D500,$D19,Registros!M2:M500))
B20: =IF($A20="","",SUMIF(Registros!H2:H500,$A20,Registros!M2:M500)) | E20: =IF($D20="","",SUMIF(Registros!D2:D500,$D20,Registros!M2:M500))
B21: =IF($A21="","",SUMIF(Registros!H2:H500,$A21,Registros!M2:M500)) | E21: =IF($D21="","",SUMIF(Registros!D2:D500,$D21,Registros!M2:M500))
B22: =IF($A22="","",SUMIF(Registros!H2:H500,$A22,Registros!M2:M500)) | E22: =IF($D22="","",SUMIF(Registros!D2:D500,$D22,Registros!M2:M500))
B23: =IF($A23="","",SUMIF(Registros!H2:H500,$A23,Registros!M2:M500))
B24: =IF($A24="","",SUMIF(Registros!H2:H500,$A24,Registros!M2:M500))

Sheet Dashboards
A1: Painel de Tempo
A3: Indicadores (KPIs) | D3: Evolução Temporal das Horas
A4: Total de Horas Realizadas | B4: =Indicadores!B4 | D4: Mês | E4: Horas Planejadas | F4: Horas Realizadas
A5: Eficiência (%) (Plan/Real) | B5: =Indicadores!B7 | D5: 2026-01 | E5: =SUMIFS(Registros!$L$2:$L$500,Registros!$E$2:$E$500,">="&DATE(2026,1,1),Registros!$E$2:$E$500,"<="&DATE(2026,1,DAY(EOMONTH(DATE(2026,1,1),0)))) | F5: =SUMIFS(Registros!$M$2:$M$500,Registros!$E$2:$E$500,">="&DATE(2026,1,1),Registros!$E$2:$E$500,"<="&DATE(2026,1,DAY(EOMONTH(DATE(2026,1,1),0))))
A6: Média de Duração por Atividade (h) | B6: =Indicadores!B6 | D6: 2026-02 | E6: =SUMIFS(Registros!$L$2:$L$500,Registros!$E$2:$E$500,">="&DATE(2026,2,1),Registros!$E$2:$E$500,"<="&DATE(2026,2,DAY(EOMONTH(DATE(2026,2,1),0)))) | F6: =SUMIFS(Registros!$M$2:$M$500,Registros!$E$2:$E$500,">="&DATE(2026,2,1),Registros!$E$2:$E$500,"<="&DATE(2026,2,DAY(EOMONTH(DATE(2026,2,1),0))))
A7: Taxa de Atraso (%) | B7: =Indicadores!B8 | D7: 2026-03 | E7: =SUMIFS(Registros!$L$2:$L$500,Registros!$E$2:$E$500,">="&DATE(2026,3,1),Registros!$E$2:$E$500,"<="&DATE(2026,3,DAY(EOMONTH(DATE(2026,3,1),0)))) | F7: =SUMIFS(Registros!$M$2:$M$500,Registros!$E$2:$E$500,">="&DATE(2026,3,1),Registros!$E$2:$E$500,"<="&DATE(2026,3,DAY(EOMONTH(DATE(2026,3,1),0))))
A8: Desvio (Real - Plan) | B8: =Indicadores!B5 | D8: 2026-04 | E8: =SUMIFS(Registros!$L$2:$L$500,Registros!$E$2:$E$500,">="&DATE(2026,4,1),Registros!$E$2:$E$500,"<="&DATE(2026,4,DAY(EOMONTH(DATE(2026,4,1),0)))) | F8: =SUMIFS(Registros!$M$2:$M$500,Registros!$E$2:$E$500,">="&DATE(2026,4,1),Registros!$E$2:$E$500,"<="&DATE(2026,4,DAY(EOMONTH(DATE(2026,4,1),0))))
D9: 2026-05 | E9: =SUMIFS(Registros!$L$2:$L$500,Registros!$E$2:$E$500,">="&DATE(2026,5,1),Registros!$E$2:$E$500,"<="&DATE(2026,5,DAY(EOMONTH(DATE(2026,5,1),0)))) | F9: =SUMIFS(Registros!$M$2:$M$500,Registros!$E$2:$E$500,">="&DATE(2026,5,1),Registros!$E$2:$E$500,"<="&DATE(2026,5,DAY(EOMONTH(DATE(2026,5,1),0))))
D10: 2026-06 | E10: =SUMIFS(Registros!$L$2:$L$500,Registros!$E$2:$E$500,">="&DATE(2026,6,1),Registros!$E$2:$E$500,"<="&DATE(2026,6,DAY(EOMONTH(DATE(2026,6,1),0)))) | F10: =SUMIFS(Registros!$M$2:$M$500,Registros!$E$2:$E$500,">="&DATE(2026,6,1),Registros!$E$2:$E$500,"<="&DATE(2026,6,DAY(EOMONTH(DATE(2026,6,1),0))))
D11: 2026-07 | E11: =SUMIFS(Registros!$L$2:$L$500,Registros!$E$2:$E$500,">="&DATE(2026,7,1),Registros!$E$2:$E$500,"<="&DATE(2026,7,DAY(EOMONTH(DATE(2026,7,1),0)))) | F11: =SUMIFS(Registros!$M$2:$M$500,Registros!$E$2:$E$500,">="&DATE(2026,7,1),Registros!$E$2:$E$500,"<="&DATE(2026,7,DAY(EOMONTH(DATE(2026,7,1),0))))
D12: 2026-08 | E12: =SUMIFS(Registros!$L$2:$L$500,Registros!$E$2:$E$500,">="&DATE(2026,8,1),Registros!$E$2:$E$500,"<="&DATE(2026,8,DAY(EOMONTH(DATE(2026,8,1),0)))) | F12: =SUMIFS(Registros!$M$2:$M$500,Registros!$E$2:$E$500,">="&DATE(2026,8,1),Registros!$E$2:$E$500,"<="&DATE(2026,8,DAY(EOMONTH(DATE(2026,8,1),0))))
D13: 2026-09 | E13: =SUMIFS(Registros!$L$2:$L$500,Registros!$E$2:$E$500,">="&DATE(2026,9,1),Registros!$E$2:$E$500,"<="&DATE(2026,9,DAY(EOMONTH(DATE(2026,9,1),0)))) | F13: =SUMIFS(Registros!$M$2:$M$500,Registros!$E$2:$E$500,">="&DATE(2026,9,1),Registros!$E$2:$E$500,"<="&DATE(2026,9,DAY(EOMONTH(DATE(2026,9,1),0))))
D14: 2026-10 | E14: =SUMIFS(Registros!$L$2:$L$500,Registros!$E$2:$E$500,">="&DATE(2026,10,1),Registros!$E$2:$E$500,"<="&DATE(2026,10,DAY(EOMONTH(DATE(2026,10,1),0)))) | F14: =SUMIFS(Registros!$M$2:$M$500,Registros!$E$2:$E$500,">="&DATE(2026,10,1),Registros!$E$2:$E$500,"<="&DATE(2026,10,DAY(EOMONTH(DATE(2026,10,1),0))))
D15: 2026-11 | E15: =SUMIFS(Registros!$L$2:$L$500,Registros!$E$2:$E$500,">="&DATE(2026,11,1),Registros!$E$2:$E$500,"<="&DATE(2026,11,DAY(EOMONTH(DATE(2026,11,1),0)))) | F15: =SUMIFS(Registros!$M$2:$M$500,Registros!$E$2:$E$500,">="&DATE(2026,11,1),Registros!$E$2:$E$500,"<="&DATE(2026,11,DAY(EOMONTH(DATE(2026,11,1),0))))
D16: 2026-12 | E16: =SUMIFS(Registros!$L$2:$L$500,Registros!$E$2:$E$500,">="&DATE(2026,12,1),Registros!$E$2:$E$500,"<="&DATE(2026,12,DAY(EOMONTH(DATE(2026,12,1),0)))) | F16: =SUMIFS(Registros!$M$2:$M$500,Registros!$E$2:$E$500,">="&DATE(2026,12,1),Registros!$E$2:$E$500,"<="&DATE(2026,12,DAY(EOMONTH(DATE(2026,12,1),0))))

Sheet Listas
A1: Tipo | B1: Status | C1: Projetos | D1: Equipes
A2: Desenvolvimento | B2: Concluído | C2: Projeto A | D2: Equipe 1
A3: Teste | B3: Em andamento | C3: Projeto B | D3: Equipe 2
A4: Reunião | B4: Bloqueado | C4: Projeto C | D4: Equipe 3
A5: Suporte
A6: Análise
A7: Documentação
A8: Integração
