Workbook

Sheet Defects
A1: ID | B1: Identification Date | C1: Project | D1: Module | E1: Defect Type | F1: Severity | G1: Status | H1: Introduction Phase | I1: Detection Phase | J1: Owner | K1: Fix Time (days) | L1: Size (KLOC) | M1: Root Cause

Sheet Indicators
A1: Consolidated Defect Indicators
A2: Indicators (KPIs)
A3: Total Defects | B3: =COUNTA(Defects!A2:A500)
A4: Open Defects | B4: =COUNTIF(Defects!G2:G500,"Open")
A5: Closed Defects | B5: =COUNTIF(Defects!G2:G500,"Closed")
A6: Critical Defects | B6: =COUNTIF(Defects!F2:F500,"Critical")
A7: Average Fix Time (days) | B7: =IFERROR(AVERAGE(Defects!K2:K500),"")
A8: Total Size (KLOC) | B8: =SUM(Defects!L2:L500)
A9: Defect Density (def/KLOC) | B9: =IFERROR(Indicators!B3/Indicators!B8,"")
A10: % Critical Defects | B10: =IFERROR(Indicators!B6/Indicators!B3*100,"")

Sheet Analyses
A1: Consolidated Analyses
A2: By Severity | D2: Consolidated by Project
A3: Category | B3: Count | D3: Project | E3: Total | F3: Open | G3: Closed | H3: Critical
A4: Critical | B4: =COUNTIF(Defects!F2:F500,$A4) | E4: =IF($D4="","",COUNTIF(Defects!C2:C500,$D4)) | F4: =IF($D4="","",COUNTIFS(Defects!C2:C500,$D4,Defects!G2:G500,"Open")) | G4: =IF($D4="","",COUNTIFS(Defects!C2:C500,$D4,Defects!G2:G500,"Closed")) | H4: =IF($D4="","",COUNTIFS(Defects!C2:C500,$D4,Defects!F2:F500,"Critical"))
A5: High | B5: =COUNTIF(Defects!F2:F500,$A5) | E5: =IF($D5="","",COUNTIF(Defects!C2:C500,$D5)) | F5: =IF($D5="","",COUNTIFS(Defects!C2:C500,$D5,Defects!G2:G500,"Open")) | G5: =IF($D5="","",COUNTIFS(Defects!C2:C500,$D5,Defects!G2:G500,"Closed")) | H5: =IF($D5="","",COUNTIFS(Defects!C2:C500,$D5,Defects!F2:F500,"Critical"))
A6: Medium | B6: =COUNTIF(Defects!F2:F500,$A6) | E6: =IF($D6="","",COUNTIF(Defects!C2:C500,$D6)) | F6: =IF($D6="","",COUNTIFS(Defects!C2:C500,$D6,Defects!G2:G500,"Open")) | G6: =IF($D6="","",COUNTIFS(Defects!C2:C500,$D6,Defects!G2:G500,"Closed")) | H6: =IF($D6="","",COUNTIFS(Defects!C2:C500,$D6,Defects!F2:F500,"Critical"))
A7: Low | B7: =COUNTIF(Defects!F2:F500,$A7) | E7: =IF($D7="","",COUNTIF(Defects!C2:C500,$D7)) | F7: =IF($D7="","",COUNTIFS(Defects!C2:C500,$D7,Defects!G2:G500,"Open")) | G7: =IF($D7="","",COUNTIFS(Defects!C2:C500,$D7,Defects!G2:G500,"Closed")) | H7: =IF($D7="","",COUNTIFS(Defects!C2:C500,$D7,Defects!F2:F500,"Critical"))
E8: =IF($D8="","",COUNTIF(Defects!C2:C500,$D8)) | F8: =IF($D8="","",COUNTIFS(Defects!C2:C500,$D8,Defects!G2:G500,"Open")) | G8: =IF($D8="","",COUNTIFS(Defects!C2:C500,$D8,Defects!G2:G500,"Closed")) | H8: =IF($D8="","",COUNTIFS(Defects!C2:C500,$D8,Defects!F2:F500,"Critical"))
A9: By Type | E9: =IF($D9="","",COUNTIF(Defects!C2:C500,$D9)) | F9: =IF($D9="","",COUNTIFS(Defects!C2:C500,$D9,Defects!G2:G500,"Open")) | G9: =IF($D9="","",COUNTIFS(Defects!C2:C500,$D9,Defects!G2:G500,"Closed")) | H9: =IF($D9="","",COUNTIFS(Defects!C2:C500,$D9,Defects!F2:F500,"Critical")) | J9: By Module
A10: Category | B10: Count | E10: =IF($D10="","",COUNTIF(Defects!C2:C500,$D10)) | F10: =IF($D10="","",COUNTIFS(Defects!C2:C500,$D10,Defects!G2:G500,"Open")) | G10: =IF($D10="","",COUNTIFS(Defects!C2:C500,$D10,Defects!G2:G500,"Closed")) | H10: =IF($D10="","",COUNTIFS(Defects!C2:C500,$D10,Defects!F2:F500,"Critical")) | J10: Module | K10: Count
A11: Functional | B11: =COUNTIF(Defects!E2:E500,$A11) | E11: =IF($D11="","",COUNTIF(Defects!C2:C500,$D11)) | F11: =IF($D11="","",COUNTIFS(Defects!C2:C500,$D11,Defects!G2:G500,"Open")) | G11: =IF($D11="","",COUNTIFS(Defects!C2:C500,$D11,Defects!G2:G500,"Closed")) | H11: =IF($D11="","",COUNTIFS(Defects!C2:C500,$D11,Defects!F2:F500,"Critical")) | K11: =IF($J11="","",COUNTIF(Defects!D2:D500,$J11))
A12: Interface | B12: =COUNTIF(Defects!E2:E500,$A12) | E12: =IF($D12="","",COUNTIF(Defects!C2:C500,$D12)) | F12: =IF($D12="","",COUNTIFS(Defects!C2:C500,$D12,Defects!G2:G500,"Open")) | G12: =IF($D12="","",COUNTIFS(Defects!C2:C500,$D12,Defects!G2:G500,"Closed")) | H12: =IF($D12="","",COUNTIFS(Defects!C2:C500,$D12,Defects!F2:F500,"Critical")) | K12: =IF($J12="","",COUNTIF(Defects!D2:D500,$J12))
A13: Performance | B13: =COUNTIF(Defects!E2:E500,$A13) | E13: =IF($D13="","",COUNTIF(Defects!C2:C500,$D13)) | F13: =IF($D13="","",COUNTIFS(Defects!C2:C500,$D13,Defects!G2:G500,"Open")) | G13: =IF($D13="","",COUNTIFS(Defects!C2:C500,$D13,Defects!G2:G500,"Closed")) | H13: =IF($D13="","",COUNTIFS(Defects!C2:C500,$D13,Defects!F2:F500,"Critical")) | K13: =IF($J13="","",COUNTIF(Defects!D2:D500,$J13))
A14: Security | B14: =COUNTIF(Defects!E2:E500,$A14) | E14: =IF($D14="","",COUNTIF(Defects!C2:C500,$D14)) | F14: =IF($D14="","",COUNTIFS(Defects!C2:C500,$D14,Defects!G2:G500,"Open")) | G14: =IF($D14="","",COUNTIFS(Defects!C2:C500,$D14,Defects!G2:G500,"Closed")) | H14: =IF($D14="","",COUNTIFS(Defects!C2:C500,$D14,Defects!F2:F500,"Critical")) | K14: =IF($J14="","",COUNTIF(Defects!D2:D500,$J14))
A15: Usability | B15: =COUNTIF(Defects!E2:E500,$A15) | E15: =IF($D15="","",COUNTIF(Defects!C2:C500,$D15)) | F15: =IF($D15="","",COUNTIFS(Defects!C2:C500,$D15,Defects!G2:G500,"Open")) | G15: =IF($D15="","",COUNTIFS(Defects!C2:C500,$D15,Defects!G2:G500,"Closed")) | H15: =IF($D15="","",COUNTIFS(Defects!C2:C500,$D15,Defects!F2:F500,"Critical")) | K15: =IF($J15="","",COUNTIF(Defects!D2:D500,$J15))
A16: Compatibility | B16: =COUNTIF(Defects!E2:E500,$A16) | E16: =IF($D16="","",COUNTIF(Defects!C2:C500,$D16)) | F16: =IF($D16="","",COUNTIFS(Defects!C2:C500,$D16,Defects!G2:G500,"Open")) | G16: =IF($D16="","",COUNTIFS(Defects!C2:C500,$D16,Defects!G2:G500,"Closed")) | H16: =IF($D16="","",COUNTIFS(Defects!C2:C500,$D16,Defects!F2:F500,"Critical")) | K16: =IF($J16="","",COUNTIF(Defects!D2:D500,$J16))
A17: Documentation | B17: =COUNTIF(Defects!E2:E500,$A17) | E17: =IF($D17="","",COUNTIF(Defects!C2:C500,$D17)) | F17: =IF($D17="","",COUNTIFS(Defects!C2:C500,$D17,Defects!G2:G500,"Open")) | G17: =IF($D17="","",COUNTIFS(Defects!C2:C500,$D17,Defects!G2:G500,"Closed")) | H17: =IF($D17="","",COUNTIFS(Defects!C2:C500,$D17,Defects!F2:F500,"Critical")) | K17: =IF($J17="","",COUNTIF(Defects!D2:D500,$J17))
A18: Data | B18: =COUNTIF(Defects!E2:E500,$A18) | E18: =IF($D18="","",COUNTIF(Defects!C2:C500,$D18)) | F18: =IF($D18="","",COUNTIFS(Defects!C2:C500,$D18,Defects!G2:G500,"Open")) | G18: =IF($D18="","",COUNTIFS(Defects!C2:C500,$D18,Defects!G2:G500,"Closed")) | H18: =IF($D18="","",COUNTIFS(Defects!C2:C500,$D18,Defects!F2:F500,"Critical")) | K18: =IF($J18="","",COUNTIF(Defects!D2:D500,$J18))
A19: Infrastructure | B19: =COUNTIF(Defects!E2:E500,$A19) | K19: =IF($J19="","",COUNTIF(Defects!D2:D500,$J19))
A20: Other | B20: =COUNTIF(Defects!E2:E500,$A20) | K20: =IF($J20="","",COUNTIF(Defects!D2:D500,$J20))
K21: =IF($J21="","",COUNTIF(Defects!D2:D500,$J21))
K22: =IF($J22="","",COUNTIF(Defects!D2:D500,$J22))

Sheet Dashboards
A1: Consolidated Defects Dashboard
A3: Indicators (KPIs) | D3: Time Trend (Identified)
A4: Total Defects | B4: =Indicators!B3 | D4: Month | E4: Count
A5: Critical Defects | B5: =Indicators!B6 | D5: 2026-01 | E5: =COUNTIFS(Defects!$B$2:$B$500,">="&DATE(2026,1,1),Defects!$B$2:$B$500,"<="&DATE(2026,1,DAY(EOMONTH(DATE(2026,1,1),0))))
A6: Defect Density (def/KLOC) | B6: =Indicators!B9 | D6: 2026-02 | E6: =COUNTIFS(Defects!$B$2:$B$500,">="&DATE(2026,2,1),Defects!$B$2:$B$500,"<="&DATE(2026,2,DAY(EOMONTH(DATE(2026,2,1),0))))
A7: % Critical Defects | B7: =Indicators!B10 | D7: 2026-03 | E7: =COUNTIFS(Defects!$B$2:$B$500,">="&DATE(2026,3,1),Defects!$B$2:$B$500,"<="&DATE(2026,3,DAY(EOMONTH(DATE(2026,3,1),0))))
D8: 2026-04 | E8: =COUNTIFS(Defects!$B$2:$B$500,">="&DATE(2026,4,1),Defects!$B$2:$B$500,"<="&DATE(2026,4,DAY(EOMONTH(DATE(2026,4,1),0))))
D9: 2026-05 | E9: =COUNTIFS(Defects!$B$2:$B$500,">="&DATE(2026,5,1),Defects!$B$2:$B$500,"<="&DATE(2026,5,DAY(EOMONTH(DATE(2026,5,1),0))))
D10: 2026-06 | E10: =COUNTIFS(Defects!$B$2:$B$500,">="&DATE(2026,6,1),Defects!$B$2:$B$500,"<="&DATE(2026,6,DAY(EOMONTH(DATE(2026,6,1),0))))
D11: 2026-07 | E11: =COUNTIFS(Defects!$B$2:$B$500,">="&DATE(2026,7,1),Defects!$B$2:$B$500,"<="&DATE(2026,7,DAY(EOMONTH(DATE(2026,7,1),0))))
D12: 2026-08 | E12: =COUNTIFS(Defects!$B$2:$B$500,">="&DATE(2026,8,1),Defects!$B$2:$B$500,"<="&DATE(2026,8,DAY(EOMONTH(DATE(2026,8,1),0))))
D13: 2026-09 | E13: =COUNTIFS(Defects!$B$2:$B$500,">="&DATE(2026,9,1),Defects!$B$2:$B$500,"<="&DATE(2026,9,DAY(EOMONTH(DATE(2026,9,1),0))))
D14: 2026-10 | E14: =COUNTIFS(Defects!$B$2:$B$500,">="&DATE(2026,10,1),Defects!$B$2:$B$500,"<="&DATE(2026,10,DAY(EOMONTH(DATE(2026,10,1),0))))
D15: 2026-11 | E15: =COUNTIFS(Defects!$B$2:$B$500,">="&DATE(2026,11,1),Defects!$B$2:$B$500,"<="&DATE(2026,11,DAY(EOMONTH(DATE(2026,11,1),0))))
D16: 2026-12 | E16: =COUNTIFS(Defects!$B$2:$B$500,">="&DATE(2026,12,1),Defects!$B$2:$B$500,"<="&DATE(2026,12,DAY(EOMONTH(DATE(2026,12,1),0))))

Sheet Lists
A1: Severity | B1: Status | C1: Defect Type | D1: Phase
A2: Critical | B2: Open | C2: Functional | D2: Requirements
A3: High | B3: In Analysis | C3: Interface | D3: Design
A4: Medium | B4: In Fixing | C4: Performance | D4: Coding
A5: Low | B5: In Retest | C5: Security | D5: Integration
B6: Closed | C6: Usability | D6: Test
B7: Cancelled | C7: Compatibility | D7: Deployment
C8: Documentation | D8: Production
C9: Data
C10: Infrastructure
C11: Other
