Workbook

Sheet Projetos
A1: ID | B1: Nome | C1: Área | D1: Responsável | E1: Status

Sheet Estimativas
A1: Projeto | B1: Esforço Total Estimado (h) | C1: Tamanho | D1: Complexidade | E1: Prazo Estimado (dias) | F1: Confiança (%) | G1: Técnica Usada

Sheet Comparativos
A1: Projeto | B1: Estimado (h) | C1: Realizado (h) | D1: Desvio Absoluto (h) | E1: Desvio (%) | F1: Precisão (%) | G1: Data de Conclusão
D2: =IF(AND(B2<>"",C2<>""),C2-B2,"") | E2: =IF(AND(B2<>"",B2<>0,C2<>""),(C2-B2)/B2*100,"") | F2: =IF(ISNUMBER(E2),100-ABS(E2),"")
D3: =IF(AND(B3<>"",C3<>""),C3-B3,"") | E3: =IF(AND(B3<>"",B3<>0,C3<>""),(C3-B3)/B3*100,"") | F3: =IF(ISNUMBER(E3),100-ABS(E3),"")
D4: =IF(AND(B4<>"",C4<>""),C4-B4,"") | E4: =IF(AND(B4<>"",B4<>0,C4<>""),(C4-B4)/B4*100,"") | F4: =IF(ISNUMBER(E4),100-ABS(E4),"")
D5: =IF(AND(B5<>"",C5<>""),C5-B5,"") | E5: =IF(AND(B5<>"",B5<>0,C5<>""),(C5-B5)/B5*100,"") | F5: =IF(ISNUMBER(E5),100-ABS(E5),"")
D6: =IF(AND(B6<>"",C6<>""),C6-B6,"") | E6: =IF(AND(B6<>"",B6<>0,C6<>""),(C6-B6)/B6*100,"") | F6: =IF(ISNUMBER(E6),100-ABS(E6),"")
D7: =IF(AND(B7<>"",C7<>""),C7-B7,"") | E7: =IF(AND(B7<>"",B7<>0,C7<>""),(C7-B7)/B7*100,"") | F7: =IF(ISNUMBER(E7),100-ABS(E7),"")
D8: =IF(AND(B8<>"",C8<>""),C8-B8,"") | E8: =IF(AND(B8<>"",B8<>0,C8<>""),(C8-B8)/B8*100,"") | F8: =IF(ISNUMBER(E8),100-ABS(E8),"")
D9: =IF(AND(B9<>"",C9<>""),C9-B9,"") | E9: =IF(AND(B9<>"",B9<>0,C9<>""),(C9-B9)/B9*100,"") | F9: =IF(ISNUMBER(E9),100-ABS(E9),"")
D10: =IF(AND(B10<>"",C10<>""),C10-B10,"") | E10: =IF(AND(B10<>"",B10<>0,C10<>""),(C10-B10)/B10*100,"") | F10: =IF(ISNUMBER(E10),100-ABS(E10),"")
D11: =IF(AND(B11<>"",C11<>""),C11-B11,"") | E11: =IF(AND(B11<>"",B11<>0,C11<>""),(C11-B11)/B11*100,"") | F11: =IF(ISNUMBER(E11),100-ABS(E11),"")
D12: =IF(AND(B12<>"",C12<>""),C12-B12,"") | E12: =IF(AND(B12<>"",B12<>0,C12<>""),(C12-B12)/B12*100,"") | F12: =IF(ISNUMBER(E12),100-ABS(E12),"")
D13: =IF(AND(B13<>"",C13<>""),C13-B13,"") | E13: =IF(AND(B13<>"",B13<>0,C13<>""),(C13-B13)/B13*100,"") | F13: =IF(ISNUMBER(E13),100-ABS(E13),"")
... D300: =IF(AND(B300<>"",C300<>""),C300-B300,"") | E300: =IF(AND(B300<>"",B300<>0,C300<>""),(C300-B300)/B300*100,"") | F300: =IF(ISNUMBER(E300),100-ABS(E300),"")

Sheet Analises
A1: Análises Globais de Estimativas
A2: Indicadores (KPIs) | D2: Precisão por Projeto | H2: Comparação entre Áreas/Equipes
A3: Total de Projetos | B3: =COUNTA(Projetos!A2:A300) | D3: Projeto | E3: Desvio (%) | F3: Precisão (%) | H3: Área | I3: Quantidade
A4: Desvio Médio (%) | B4: =IFERROR(AVERAGE(Comparativos!E2:E300),"") | E4: =IF($D4="","",IFERROR(AVERAGEIF(Comparativos!A2:A300,$D4,Comparativos!E2:E300),"")) | F4: =IF($D4="","",IFERROR(AVERAGEIF(Comparativos!A2:A300,$D4,Comparativos!F2:F300),"")) | I4: =IF($H4="","",COUNTIF(Projetos!C2:C300,$H4))
A5: Precisão Geral (%) | B5: =IFERROR(AVERAGE(Comparativos!F2:F300),"") | E5: =IF($D5="","",IFERROR(AVERAGEIF(Comparativos!A2:A300,$D5,Comparativos!E2:E300),"")) | F5: =IF($D5="","",IFERROR(AVERAGEIF(Comparativos!A2:A300,$D5,Comparativos!F2:F300),"")) | I5: =IF($H5="","",COUNTIF(Projetos!C2:C300,$H5))
A6: Projetos Concluídos | B6: =COUNTIF(Projetos!E2:E300,"Concluído") | E6: =IF($D6="","",IFERROR(AVERAGEIF(Comparativos!A2:A300,$D6,Comparativos!E2:E300),"")) | F6: =IF($D6="","",IFERROR(AVERAGEIF(Comparativos!A2:A300,$D6,Comparativos!F2:F300),"")) | I6: =IF($H6="","",COUNTIF(Projetos!C2:C300,$H6))
A7: Confiança Média (%) | B7: =IFERROR(AVERAGE(Estimativas!F2:F300),"") | E7: =IF($D7="","",IFERROR(AVERAGEIF(Comparativos!A2:A300,$D7,Comparativos!E2:E300),"")) | F7: =IF($D7="","",IFERROR(AVERAGEIF(Comparativos!A2:A300,$D7,Comparativos!F2:F300),"")) | I7: =IF($H7="","",COUNTIF(Projetos!C2:C300,$H7))
E8: =IF($D8="","",IFERROR(AVERAGEIF(Comparativos!A2:A300,$D8,Comparativos!E2:E300),"")) | F8: =IF($D8="","",IFERROR(AVERAGEIF(Comparativos!A2:A300,$D8,Comparativos!F2:F300),"")) | I8: =IF($H8="","",COUNTIF(Projetos!C2:C300,$H8))
E9: =IF($D9="","",IFERROR(AVERAGEIF(Comparativos!A2:A300,$D9,Comparativos!E2:E300),"")) | F9: =IF($D9="","",IFERROR(AVERAGEIF(Comparativos!A2:A300,$D9,Comparativos!F2:F300),"")) | I9: =IF($H9="","",COUNTIF(Projetos!C2:C300,$H9))
E10: =IF($D10="","",IFERROR(AVERAGEIF(Comparativos!A2:A300,$D10,Comparativos!E2:E300),"")) | F10: =IF($D10="","",IFERROR(AVERAGEIF(Comparativos!A2:A300,$D10,Comparativos!F2:F300),"")) | I10: =IF($H10="","",COUNTIF(Projetos!C2:C300,$H10))
E11: =IF($D11="","",IFERROR(AVERAGEIF(Comparativos!A2:A300,$D11,Comparativos!E2:E300),"")) | F11: =IF($D11="","",IFERROR(AVERAGEIF(Comparativos!A2:A300,$D11,Comparativos!F2:F300),"")) | I11: =IF($H11="","",COUNTIF(Projetos!C2:C300,$H11))
E12: =IF($D12="","",IFERROR(AVERAGEIF(Comparativos!A2:A300,$D12,Comparativos!E2:E300),"")) | F12: =IF($D12="","",IFERROR(AVERAGEIF(Comparativos!A2:A300,$D12,Comparativos!F2:F300),"")) | I12: =IF($H12="","",COUNTIF(Projetos!C2:C300,$H12))
E13: =IF($D13="","",IFERROR(AVERAGEIF(Comparativos!A2:A300,$D13,Comparativos!E2:E300),"")) | F13: =IF($D13="","",IFERROR(AVERAGEIF(Comparativos!A2:A300,$D13,Comparativos!F2:F300),"")) | I13: =IF($H13="","",COUNTIF(Projetos!C2:C300,$H13))
E14: =IF($D14="","",IFERROR(AVERAGEIF(Comparativos!A2:A300,$D14,Comparativos!E2:E300),"")) | F14: =IF($D14="","",IFERROR(AVERAGEIF(Comparativos!A2:A300,$D14,Comparativos!F2:F300),""))
E15: =IF($D15="","",IFERROR(AVERAGEIF(Comparativos!A2:A300,$D15,Comparativos!E2:E300),"")) | F15: =IF($D15="","",IFERROR(AVERAGEIF(Comparativos!A2:A300,$D15,Comparativos!F2:F300),""))
E16: =IF($D16="","",IFERROR(AVERAGEIF(Comparativos!A2:A300,$D16,Comparativos!E2:E300),"")) | F16: =IF($D16="","",IFERROR(AVERAGEIF(Comparativos!A2:A300,$D16,Comparativos!F2:F300),""))
E17: =IF($D17="","",IFERROR(AVERAGEIF(Comparativos!A2:A300,$D17,Comparativos!E2:E300),"")) | F17: =IF($D17="","",IFERROR(AVERAGEIF(Comparativos!A2:A300,$D17,Comparativos!F2:F300),""))
E18: =IF($D18="","",IFERROR(AVERAGEIF(Comparativos!A2:A300,$D18,Comparativos!E2:E300),"")) | F18: =IF($D18="","",IFERROR(AVERAGEIF(Comparativos!A2:A300,$D18,Comparativos!F2:F300),""))
A22: Evolução da Precisão (Mensal)
A23: Mês | B23: Precisão (%)
A24: 2026-01 | B24: =IFERROR(AVERAGEIFS(Comparativos!$F$2:$F$300,Comparativos!$G$2:$G$300,">="&DATE(2026,1,1),Comparativos!$G$2:$G$300,"<="&DATE(2026,1,DAY(EOMONTH(DATE(2026,1,1),0)))),"")
A25: 2026-02 | B25: =IFERROR(AVERAGEIFS(Comparativos!$F$2:$F$300,Comparativos!$G$2:$G$300,">="&DATE(2026,2,1),Comparativos!$G$2:$G$300,"<="&DATE(2026,2,DAY(EOMONTH(DATE(2026,2,1),0)))),"")
A26: 2026-03 | B26: =IFERROR(AVERAGEIFS(Comparativos!$F$2:$F$300,Comparativos!$G$2:$G$300,">="&DATE(2026,3,1),Comparativos!$G$2:$G$300,"<="&DATE(2026,3,DAY(EOMONTH(DATE(2026,3,1),0)))),"")
A27: 2026-04 | B27: =IFERROR(AVERAGEIFS(Comparativos!$F$2:$F$300,Comparativos!$G$2:$G$300,">="&DATE(2026,4,1),Comparativos!$G$2:$G$300,"<="&DATE(2026,4,DAY(EOMONTH(DATE(2026,4,1),0)))),"")
A28: 2026-05 | B28: =IFERROR(AVERAGEIFS(Comparativos!$F$2:$F$300,Comparativos!$G$2:$G$300,">="&DATE(2026,5,1),Comparativos!$G$2:$G$300,"<="&DATE(2026,5,DAY(EOMONTH(DATE(2026,5,1),0)))),"")
A29: 2026-06 | B29: =IFERROR(AVERAGEIFS(Comparativos!$F$2:$F$300,Comparativos!$G$2:$G$300,">="&DATE(2026,6,1),Comparativos!$G$2:$G$300,"<="&DATE(2026,6,DAY(EOMONTH(DATE(2026,6,1),0)))),"")
A30: 2026-07 | B30: =IFERROR(AVERAGEIFS(Comparativos!$F$2:$F$300,Comparativos!$G$2:$G$300,">="&DATE(2026,7,1),Comparativos!$G$2:$G$300,"<="&DATE(2026,7,DAY(EOMONTH(DATE(2026,7,1),0)))),"")
A31: 2026-08 | B31: =IFERROR(AVERAGEIFS(Comparativos!$F$2:$F$300,Comparativos!$G$2:$G$300,">="&DATE(2026,8,1),Comparativos!$G$2:$G$300,"<="&DATE(2026,8,DAY(EOMONTH(DATE(2026,8,1),0)))),"")
A32: 2026-09 | B32: =IFERROR(AVERAGEIFS(Comparativos!$F$2:$F$300,Comparativos!$G$2:$G$300,">="&DATE(2026,9,1),Comparativos!$G$2:$G$300,"<="&DATE(2026,9,DAY(EOMONTH(DATE(2026,9,1),0)))),"")
A33: 2026-10 | B33: =IFERROR(AVERAGEIFS(Comparativos!$F$2:$F$300,Comparativos!$G$2:$G$300,">="&DATE(2026,10,1),Comparativos!$G$2:$G$300,"<="&DATE(2026,10,DAY(EOMONTH(DATE(2026,10,1),0)))),"")
A34: 2026-11 | B34: =IFERROR(AVERAGEIFS(Comparativos!$F$2:$F$300,Comparativos!$G$2:$G$300,">="&DATE(2026,11,1),Comparativos!$G$2:$G$300,"<="&DATE(2026,11,DAY(EOMONTH(DATE(2026,11,1),0)))),"")
A35: 2026-12 | B35: =IFERROR(AVERAGEIFS(Comparativos!$F$2:$F$300,Comparativos!$G$2:$G$300,">="&DATE(2026,12,1),Comparativos!$G$2:$G$300,"<="&DATE(2026,12,DAY(EOMONTH(DATE(2026,12,1),0)))),"")

Sheet Dashboards
A1: Painel Global de Estimativas
A3: Indicadores (KPIs)
A4: Total de Projetos | B4: =Analises!B3
A5: Desvio Médio (%) | B5: =Analises!B4
A6: Precisão Geral (%) | B6: =Analises!B5
A7: Confiança Média (%) | B7: =Analises!B7

Sheet Listas
A1: Status | B1: Técnica | C1: Complexidade
A2: Planejado | B2: PSP | C2: Baixa
A3: Em Execução | B3: Wideband Delphi | C3: Média
A4: Concluído | B4: Planning Poker | C4: Alta
A5: Cancelado | B5: Pontos de Função | C5: Muito Alta
B6: Análise Histórica
B7: Estimativa de Três Pontos
B8: Opinião Especializada
B9: Outra
