Workbook

Sheet Defects
A1: ID | B1: Identification Date | C1: Project | D1: Module | E1: Defect Type | F1: Severity | G1: Priority | H1: Status | I1: Source | J1: Detection Phase | K1: Introduction Phase | L1: Owner | M1: Fix Time (days) | N1: Root Cause

Sheet History
A1: Defect ID | B1: Previous Status | C1: New Status | D1: Transition Date | E1: Owner | F1: Notes

Sheet Analyses
A1: Defect Analyses
A2: Indicators (KPIs) | D2: Defects by Severity | H2: Defects by Module
A3: Total Defects | B3: =COUNTA(Defects!A2:A500) | D3: Category | E3: Count | H3: Module | I3: Count | J3: Avg Time (days)
A4: Open Defects | B4: =COUNTIF(Defects!H2:H500,"Open") | D4: Critical | E4: =COUNTIF(Defects!F2:F500,$D4) | I4: =IF($H4="","",COUNTIF(Defects!D2:D500,$H4)) | J4: =IF($H4="","",IFERROR(AVERAGEIF(Defects!D2:D500,$H4,Defects!M2:M500),""))
A5: Closed Defects | B5: =COUNTIF(Defects!H2:H500,"Closed") | D5: High | E5: =COUNTIF(Defects!F2:F500,$D5) | I5: =IF($H5="","",COUNTIF(Defects!D2:D500,$H5)) | J5: =IF($H5="","",IFERROR(AVERAGEIF(Defects!D2:D500,$H5,Defects!M2:M500),""))
A6: Average Fix Time (days) | B6: =IFERROR(AVERAGE(Defects!M2:M500),"") | D6: Medium | E6: =COUNTIF(Defects!F2:F500,$D6) | I6: =IF($H6="","",COUNTIF(Defects!D2:D500,$H6)) | J6: =IF($H6="","",IFERROR(AVERAGEIF(Defects!D2:D500,$H6,Defects!M2:M500),""))
A7: Critical Defects | B7: =COUNTIF(Defects!F2:F500,"Critical") | D7: Low | E7: =COUNTIF(Defects!F2:F500,$D7) | I7: =IF($H7="","",COUNTIF(Defects!D2:D500,$H7)) | J7: =IF($H7="","",IFERROR(AVERAGEIF(Defects!D2:D500,$H7,Defects!M2:M500),""))
I8: =IF($H8="","",COUNTIF(Defects!D2:D500,$H8)) | J8: =IF($H8="","",IFERROR(AVERAGEIF(Defects!D2:D500,$H8,Defects!M2:M500),""))
D9: Defects by Type | I9: =IF($H9="","",COUNTIF(Defects!D2:D500,$H9)) | J9: =IF($H9="","",IFERROR(AVERAGEIF(Defects!D2:D500,$H9,Defects!M2:M500),""))
D10: Category | E10: Count | I10: =IF($H10="","",COUNTIF(Defects!D2:D500,$H10)) | J10: =IF($H10="","",IFERROR(AVERAGEIF(Defects!D2:D500,$H10,Defects!M2:M500),""))
D11: Functional | E11: =COUNTIF(Defects!E2:E500,$D11) | I11: =IF($H11="","",COUNTIF(Defects!D2:D500,$H11)) | J11: =IF($H11="","",IFERROR(AVERAGEIF(Defects!D2:D500,$H11,Defects!M2:M500),""))
D12: Interface | E12: =COUNTIF(Defects!E2:E500,$D12) | I12: =IF($H12="","",COUNTIF(Defects!D2:D500,$H12)) | J12: =IF($H12="","",IFERROR(AVERAGEIF(Defects!D2:D500,$H12,Defects!M2:M500),""))
D13: Performance | E13: =COUNTIF(Defects!E2:E500,$D13) | I13: =IF($H13="","",COUNTIF(Defects!D2:D500,$H13)) | J13: =IF($H13="","",IFERROR(AVERAGEIF(Defects!D2:D500,$H13,Defects!M2:M500),""))
D14: Security | E14: =COUNTIF(Defects!E2:E500,$D14) | I14: =IF($H14="","",COUNTIF(Defects!D2:D500,$H14)) | J14: =IF($H14="","",IFERROR(AVERAGEIF(Defects!D2:D500,$H14,Defects!M2:M500),""))
D15: Usability | E15: =COUNTIF(Defects!E2:E500,$D15) | I15: =IF($H15="","",COUNTIF(Defects!D2:D500,$H15)) | J15: =IF($H15="","",IFERROR(AVERAGEIF(Defects!D2:D500,$H15,Defects!M2:M500),""))
D16: Compatibility | E16: =COUNTIF(Defects!E2:E500,$D16) | I16: =IF($H16="","",COUNTIF(Defects!D2:D500,$H16)) | J16: =IF($H16="","",IFERROR(AVERAGEIF(Defects!D2:D500,$H16,Defects!M2:M500),""))
D17: Documentation | E17: =COUNTIF(Defects!E2:E500,$D17) | I17: =IF($H17="","",COUNTIF(Defects!D2:D500,$H17)) | J17: =IF($H17="","",IFERROR(AVERAGEIF(Defects!D2:D500,$H17,Defects!M2:M500),""))
D18: Data | E18: =COUNTIF(Defects!E2:E500,$D18) | I18: =IF($H18="","",COUNTIF(Defects!D2:D500,$H18)) | J18: =IF($H18="","",IFERROR(AVERAGEIF(Defects!D2:D500,$H18,Defects!M2:M500),""))
D19: Infrastructure | E19: =COUNTIF(Defects!E2:E500,$D19)
D20: Other | E20: =COUNTIF(Defects!E2:E500,$D20)
D22: Defects by Introduction Phase
D23: Category | E23: Count
D24: Requirements | E24: =COUNTIF(Defects!K2:K500,$D24)
D25: Design | E25: =COUNTIF(Defects!K2:K500,$D25)
D26: Coding | E26: =COUNTIF(Defects!K2:K500,$D26)
D27: Integration | E27: =COUNTIF(Defects!K2:K500,$D27)
D28: Test | E28: =COUNTIF(Defects!K2:K500,$D28)
D29: Deployment | E29: =COUNTIF(Defects!K2:K500,$D29)
D30: Production | E30: =COUNTIF(Defects!K2:K500,$D30)

Sheet Dashboards
A1: Defects Dashboard
A3: Indicators (KPIs) | D3: Time Trend (Identified)
A4: Total Defects | B4: =Analyses!B3 | D4: Month | E4: Count
A5: Open Defects | B5: =Analyses!B4 | D5: 2026-01 | E5: =COUNTIFS(Defects!$B$2:$B$500,">="&DATE(2026,1,1),Defects!$B$2:$B$500,"<="&DATE(2026,1,DAY(EOMONTH(DATE(2026,1,1),0))))
A6: Closed Defects | B6: =Analyses!B5 | D6: 2026-02 | E6: =COUNTIFS(Defects!$B$2:$B$500,">="&DATE(2026,2,1),Defects!$B$2:$B$500,"<="&DATE(2026,2,DAY(EOMONTH(DATE(2026,2,1),0))))
A7: Average Fix Time (days) | B7: =Analyses!B6 | D7: 2026-03 | E7: =COUNTIFS(Defects!$B$2:$B$500,">="&DATE(2026,3,1),Defects!$B$2:$B$500,"<="&DATE(2026,3,DAY(EOMONTH(DATE(2026,3,1),0))))
D8: 2026-04 | E8: =COUNTIFS(Defects!$B$2:$B$500,">="&DATE(2026,4,1),Defects!$B$2:$B$500,"<="&DATE(2026,4,DAY(EOMONTH(DATE(2026,4,1),0))))
D9: 2026-05 | E9: =COUNTIFS(Defects!$B$2:$B$500,">="&DATE(2026,5,1),Defects!$B$2:$B$500,"<="&DATE(2026,5,DAY(EOMONTH(DATE(2026,5,1),0))))
D10: 2026-06 | E10: =COUNTIFS(Defects!$B$2:$B$500,">="&DATE(2026,6,1),Defects!$B$2:$B$500,"<="&DATE(2026,6,DAY(EOMONTH(DATE(2026,6,1),0))))
D11: 2026-07 | E11: =COUNTIFS(Defects!$B$2:$B$500,">="&DATE(2026,7,1),Defects!$B$2:$B$500,"<="&DATE(2026,7,DAY(EOMONTH(DATE(2026,7,1),0))))
D12: 2026-08 | E12: =COUNTIFS(Defects!$B$2:$B$500,">="&DATE(2026,8,1),Defects!$B$2:$B$500,"<="&DATE(2026,8,DAY(EOMONTH(DATE(2026,8,1),0))))
D13: 2026-09 | E13: =COUNTIFS(Defects!$B$2:$B$500,">="&DATE(2026,9,1),Defects!$B$2:$B$500,"<="&DATE(2026,9,DAY(EOMONTH(DATE(2026,9,1),0))))
D14: 2026-10 | E14: =COUNTIFS(Defects!$B$2:$B$500,">="&DATE(2026,10,1),Defects!$B$2:$B$500,"<="&DATE(2026,10,DAY(EOMONTH(DATE(2026,10,1),0))))
D15: 2026-11 | E15: =COUNTIFS(Defects!$B$2:$B$500,">="&DATE(2026,11,1),Defects!$B$2:$B$500,"<="&DATE(2026,11,DAY(EOMONTH(DATE(2026,11,1),0))))
D16: 2026-12 | E16: =COUNTIFS(Defects!$B$2:$B$500,">="&DATE(2026,12,1),Defects!$B$2:$B$500,"<="&DATE(2026,12,DAY(EOMONTH(DATE(2026,12,1),0))))

Sheet Lists
A1: Severity | B1: Status | C1: Defect Type | D1: Priority | E1: Source | F1: Phase
A2: Critical | B2: Open | C2: Functional | D2: High | E2: Requirements | F2: Requirements
A3: High | B3: In Analysis | C3: Interface | D3: Medium | E3: Design | F3: Design
A4: Medium | B4: In Fixing | C4: Performance | D4: Low | E4: Coding | F4: Coding
A5: Low | B5: In Retest | C5: Security | E5: Integration | F5: Integration
B6: Closed | C6: Usability | E6: Test | F6: Test
B7: Cancelled | C7: Compatibility | E7: Deployment | F7: Deployment
C8: Documentation | F8: Production
C9: Data
C10: Infrastructure
C11: Other
