Workbook

Sheet Features
A1: ID | B1: System | C1: Module | D1: Feature | E1: Type | F1: Complexity | G1: Function Points | H1: Story Points | I1: Use Cases

Sheet Estimates
A1: Feature ID | B1: Method | C1: Estimated Value | D1: Owner | E1: Date

Sheet Conversions
A1: Conversion / Equivalence Table between Methods
A2: Reference values (adjust to your organization's calibration).
A4: Complexity | B4: Function Points (FP) | C4: Story Points | D4: Use Cases | E4: Hours (reference)
A5: Low | B5: 3 | C5: 2 | D5: 1 | E5: 8
A6: Medium | B6: 5 | C6: 3 | D6: 1 | E6: 16
A7: High | B7: 8 | C7: 5 | D7: 2 | E7: 32
A8: Very High | B8: 13 | C8: 8 | D8: 3 | E8: 56

Sheet Analyses
A1: Size Analyses
A2: Indicators (KPIs) | D2: Average Size by Type (FP) | H2: Comparison by System (FP)
A3: Total Features | B3: =COUNTA(Features!A2:A300) | D3: Type | E3: FP (avg) | H3: System | I3: FP (total)
A4: Total Function Points | B4: =SUM(Features!G2:G300) | D4: CRUD | E4: =IFERROR(AVERAGEIF(Features!E2:E300,$D4,Features!G2:G300),"") | I4: =IF($H4="","",SUMIF(Features!B2:B300,$H4,Features!G2:G300))
A5: Total Story Points | B5: =SUM(Features!H2:H300) | D5: Report | E5: =IFERROR(AVERAGEIF(Features!E2:E300,$D5,Features!G2:G300),"") | I5: =IF($H5="","",SUMIF(Features!B2:B300,$H5,Features!G2:G300))
A6: Average FP per Feature | B6: =IFERROR(AVERAGE(Features!G2:G300),"") | D6: Integration | E6: =IFERROR(AVERAGEIF(Features!E2:E300,$D6,Features!G2:G300),"") | I6: =IF($H6="","",SUMIF(Features!B2:B300,$H6,Features!G2:G300))
A7: Average Story Points | B7: =IFERROR(AVERAGE(Features!H2:H300),"") | D7: Business Rule | E7: =IFERROR(AVERAGEIF(Features!E2:E300,$D7,Features!G2:G300),"") | I7: =IF($H7="","",SUMIF(Features!B2:B300,$H7,Features!G2:G300))
I8: =IF($H8="","",SUMIF(Features!B2:B300,$H8,Features!G2:G300))
D9: Distribution by Complexity | I9: =IF($H9="","",SUMIF(Features!B2:B300,$H9,Features!G2:G300))
D10: Complexity | E10: Count | I10: =IF($H10="","",SUMIF(Features!B2:B300,$H10,Features!G2:G300))
D11: Low | E11: =COUNTIF(Features!F2:F300,$D11) | I11: =IF($H11="","",SUMIF(Features!B2:B300,$H11,Features!G2:G300))
D12: Medium | E12: =COUNTIF(Features!F2:F300,$D12) | I12: =IF($H12="","",SUMIF(Features!B2:B300,$H12,Features!G2:G300))
D13: High | E13: =COUNTIF(Features!F2:F300,$D13) | I13: =IF($H13="","",SUMIF(Features!B2:B300,$H13,Features!G2:G300))
D14: Very High | E14: =COUNTIF(Features!F2:F300,$D14) | I14: =IF($H14="","",SUMIF(Features!B2:B300,$H14,Features!G2:G300))
I15: =IF($H15="","",SUMIF(Features!B2:B300,$H15,Features!G2:G300))

Sheet Dashboards
A1: Functional Size Dashboard
A3: Indicators (KPIs) | D3: Estimated Size Trend (Monthly)
A4: Total Features | B4: =Analyses!B3 | D4: Month | E4: FP (total)
A5: Total Function Points | B5: =Analyses!B4 | D5: 2026-01 | E5: =SUMIFS(Estimates!$C$2:$C$300,Estimates!$E$2:$E$300,">="&DATE(2026,1,1),Estimates!$E$2:$E$300,"<="&DATE(2026,1,DAY(EOMONTH(DATE(2026,1,1),0))))
A6: Average FP per Feature | B6: =Analyses!B6 | D6: 2026-02 | E6: =SUMIFS(Estimates!$C$2:$C$300,Estimates!$E$2:$E$300,">="&DATE(2026,2,1),Estimates!$E$2:$E$300,"<="&DATE(2026,2,DAY(EOMONTH(DATE(2026,2,1),0))))
D7: 2026-03 | E7: =SUMIFS(Estimates!$C$2:$C$300,Estimates!$E$2:$E$300,">="&DATE(2026,3,1),Estimates!$E$2:$E$300,"<="&DATE(2026,3,DAY(EOMONTH(DATE(2026,3,1),0))))
D8: 2026-04 | E8: =SUMIFS(Estimates!$C$2:$C$300,Estimates!$E$2:$E$300,">="&DATE(2026,4,1),Estimates!$E$2:$E$300,"<="&DATE(2026,4,DAY(EOMONTH(DATE(2026,4,1),0))))
D9: 2026-05 | E9: =SUMIFS(Estimates!$C$2:$C$300,Estimates!$E$2:$E$300,">="&DATE(2026,5,1),Estimates!$E$2:$E$300,"<="&DATE(2026,5,DAY(EOMONTH(DATE(2026,5,1),0))))
D10: 2026-06 | E10: =SUMIFS(Estimates!$C$2:$C$300,Estimates!$E$2:$E$300,">="&DATE(2026,6,1),Estimates!$E$2:$E$300,"<="&DATE(2026,6,DAY(EOMONTH(DATE(2026,6,1),0))))
D11: 2026-07 | E11: =SUMIFS(Estimates!$C$2:$C$300,Estimates!$E$2:$E$300,">="&DATE(2026,7,1),Estimates!$E$2:$E$300,"<="&DATE(2026,7,DAY(EOMONTH(DATE(2026,7,1),0))))
D12: 2026-08 | E12: =SUMIFS(Estimates!$C$2:$C$300,Estimates!$E$2:$E$300,">="&DATE(2026,8,1),Estimates!$E$2:$E$300,"<="&DATE(2026,8,DAY(EOMONTH(DATE(2026,8,1),0))))
D13: 2026-09 | E13: =SUMIFS(Estimates!$C$2:$C$300,Estimates!$E$2:$E$300,">="&DATE(2026,9,1),Estimates!$E$2:$E$300,"<="&DATE(2026,9,DAY(EOMONTH(DATE(2026,9,1),0))))
D14: 2026-10 | E14: =SUMIFS(Estimates!$C$2:$C$300,Estimates!$E$2:$E$300,">="&DATE(2026,10,1),Estimates!$E$2:$E$300,"<="&DATE(2026,10,DAY(EOMONTH(DATE(2026,10,1),0))))
D15: 2026-11 | E15: =SUMIFS(Estimates!$C$2:$C$300,Estimates!$E$2:$E$300,">="&DATE(2026,11,1),Estimates!$E$2:$E$300,"<="&DATE(2026,11,DAY(EOMONTH(DATE(2026,11,1),0))))
D16: 2026-12 | E16: =SUMIFS(Estimates!$C$2:$C$300,Estimates!$E$2:$E$300,">="&DATE(2026,12,1),Estimates!$E$2:$E$300,"<="&DATE(2026,12,DAY(EOMONTH(DATE(2026,12,1),0))))

Sheet Lists
A1: Feature Type | B1: Estimation Method | C1: Complexity
A2: CRUD | B2: FP | C2: Low
A3: Report | B3: Story Points | C3: Medium
A4: Integration | B4: Analogy | C4: High
A5: Business Rule | C5: Very High
