Workbook

Sheet Estimativas
A1: ID | B1: Atividade | C1: Responsável | D1: Técnica | E1: Esforço Estimado (h) | F1: Esforço Real (h) | G1: Desvio (%) | H1: Data | I1: Sprint | J1: Complexidade | K1: Status | L1: Observações | M1: Erro Absoluto (%)
G2: =IF(AND(E2<>"",E2<>0,F2<>""),(F2-E2)/E2*100,"") | M2: =IF(ISNUMBER(G2),ABS(G2),"")
G3: =IF(AND(E3<>"",E3<>0,F3<>""),(F3-E3)/E3*100,"") | M3: =IF(ISNUMBER(G3),ABS(G3),"")
G4: =IF(AND(E4<>"",E4<>0,F4<>""),(F4-E4)/E4*100,"") | M4: =IF(ISNUMBER(G4),ABS(G4),"")
G5: =IF(AND(E5<>"",E5<>0,F5<>""),(F5-E5)/E5*100,"") | M5: =IF(ISNUMBER(G5),ABS(G5),"")
G6: =IF(AND(E6<>"",E6<>0,F6<>""),(F6-E6)/E6*100,"") | M6: =IF(ISNUMBER(G6),ABS(G6),"")
G7: =IF(AND(E7<>"",E7<>0,F7<>""),(F7-E7)/E7*100,"") | M7: =IF(ISNUMBER(G7),ABS(G7),"")
G8: =IF(AND(E8<>"",E8<>0,F8<>""),(F8-E8)/E8*100,"") | M8: =IF(ISNUMBER(G8),ABS(G8),"")
G9: =IF(AND(E9<>"",E9<>0,F9<>""),(F9-E9)/E9*100,"") | M9: =IF(ISNUMBER(G9),ABS(G9),"")
G10: =IF(AND(E10<>"",E10<>0,F10<>""),(F10-E10)/E10*100,"") | M10: =IF(ISNUMBER(G10),ABS(G10),"")
G11: =IF(AND(E11<>"",E11<>0,F11<>""),(F11-E11)/E11*100,"") | M11: =IF(ISNUMBER(G11),ABS(G11),"")
G12: =IF(AND(E12<>"",E12<>0,F12<>""),(F12-E12)/E12*100,"") | M12: =IF(ISNUMBER(G12),ABS(G12),"")
G13: =IF(AND(E13<>"",E13<>0,F13<>""),(F13-E13)/E13*100,"") | M13: =IF(ISNUMBER(G13),ABS(G13),"")
... G500: =IF(AND(E500<>"",E500<>0,F500<>""),(F500-E500)/E500*100,"") | M500: =IF(ISNUMBER(G500),ABS(G500),"")

Sheet Historico
A1: ID | B1: Projeto | C1: Atividade | D1: Técnica | E1: Complexidade | F1: Esforço Estimado (h) | G1: Esforço Real (h) | H1: Desvio (%) | I1: Data
H2: =IF(AND(F2<>"",F2<>0,G2<>""),(G2-F2)/F2*100,"")
H3: =IF(AND(F3<>"",F3<>0,G3<>""),(G3-F3)/F3*100,"")
H4: =IF(AND(F4<>"",F4<>0,G4<>""),(G4-F4)/F4*100,"")
H5: =IF(AND(F5<>"",F5<>0,G5<>""),(G5-F5)/F5*100,"")
H6: =IF(AND(F6<>"",F6<>0,G6<>""),(G6-F6)/F6*100,"")
H7: =IF(AND(F7<>"",F7<>0,G7<>""),(G7-F7)/F7*100,"")
H8: =IF(AND(F8<>"",F8<>0,G8<>""),(G8-F8)/F8*100,"")
H9: =IF(AND(F9<>"",F9<>0,G9<>""),(G9-F9)/F9*100,"")
H10: =IF(AND(F10<>"",F10<>0,G10<>""),(G10-F10)/F10*100,"")
H11: =IF(AND(F11<>"",F11<>0,G11<>""),(G11-F11)/F11*100,"")
H12: =IF(AND(F12<>"",F12<>0,G12<>""),(G12-F12)/F12*100,"")
H13: =IF(AND(F13<>"",F13<>0,G13<>""),(G13-F13)/F13*100,"")
... H500: =IF(AND(F500<>"",F500<>0,G500<>""),(G500-F500)/F500*100,"")

Sheet Analises
A1: Análises de Estimativas de Esforço
A2: Indicadores (KPIs) | D2: Comparação por Técnica | H2: Comparação por Responsável
A3: Total de Estimativas | B3: =COUNTA(Estimativas!A2:A500) | D3: Técnica | E3: Desvio Médio (%) | F3: Precisão (%) | H3: Responsável | I3: Desvio Médio (%) | J3: Precisão (%)
A4: Desvio Médio (%) | B4: =IFERROR(AVERAGE(Estimativas!G2:G500),"") | D4: PSP | E4: =IFERROR(AVERAGEIF(Estimativas!D2:D500,$D4,Estimativas!G2:G500),"") | F4: =IFERROR(100-AVERAGEIF(Estimativas!D2:D500,$D4,Estimativas!M2:M500),"") | I4: =IF($H4="","",IFERROR(AVERAGEIF(Estimativas!C2:C500,$H4,Estimativas!G2:G500),"")) | J4: =IF($H4="","",IFERROR(100-AVERAGEIF(Estimativas!C2:C500,$H4,Estimativas!M2:M500),""))
A5: Precisão da Estimativa (%) | B5: =IFERROR(100-AVERAGE(Estimativas!M2:M500),"") | D5: Wideband Delphi | E5: =IFERROR(AVERAGEIF(Estimativas!D2:D500,$D5,Estimativas!G2:G500),"") | F5: =IFERROR(100-AVERAGEIF(Estimativas!D2:D500,$D5,Estimativas!M2:M500),"") | I5: =IF($H5="","",IFERROR(AVERAGEIF(Estimativas!C2:C500,$H5,Estimativas!G2:G500),"")) | J5: =IF($H5="","",IFERROR(100-AVERAGEIF(Estimativas!C2:C500,$H5,Estimativas!M2:M500),""))
A6: Subestimadas (Real > Est.) | B6: =COUNTIF(Estimativas!G2:G500,">0") | D6: Planning Poker | E6: =IFERROR(AVERAGEIF(Estimativas!D2:D500,$D6,Estimativas!G2:G500),"") | F6: =IFERROR(100-AVERAGEIF(Estimativas!D2:D500,$D6,Estimativas!M2:M500),"") | I6: =IF($H6="","",IFERROR(AVERAGEIF(Estimativas!C2:C500,$H6,Estimativas!G2:G500),"")) | J6: =IF($H6="","",IFERROR(100-AVERAGEIF(Estimativas!C2:C500,$H6,Estimativas!M2:M500),""))
A7: Superestimadas (Real < Est.) | B7: =COUNTIF(Estimativas!G2:G500,"<0") | D7: Pontos de Função | E7: =IFERROR(AVERAGEIF(Estimativas!D2:D500,$D7,Estimativas!G2:G500),"") | F7: =IFERROR(100-AVERAGEIF(Estimativas!D2:D500,$D7,Estimativas!M2:M500),"") | I7: =IF($H7="","",IFERROR(AVERAGEIF(Estimativas!C2:C500,$H7,Estimativas!G2:G500),"")) | J7: =IF($H7="","",IFERROR(100-AVERAGEIF(Estimativas!C2:C500,$H7,Estimativas!M2:M500),""))
D8: Análise Histórica | E8: =IFERROR(AVERAGEIF(Estimativas!D2:D500,$D8,Estimativas!G2:G500),"") | F8: =IFERROR(100-AVERAGEIF(Estimativas!D2:D500,$D8,Estimativas!M2:M500),"") | I8: =IF($H8="","",IFERROR(AVERAGEIF(Estimativas!C2:C500,$H8,Estimativas!G2:G500),"")) | J8: =IF($H8="","",IFERROR(100-AVERAGEIF(Estimativas!C2:C500,$H8,Estimativas!M2:M500),""))
A9: Super / Sub Avaliadas | D9: Estimativa de Três Pontos | E9: =IFERROR(AVERAGEIF(Estimativas!D2:D500,$D9,Estimativas!G2:G500),"") | F9: =IFERROR(100-AVERAGEIF(Estimativas!D2:D500,$D9,Estimativas!M2:M500),"") | I9: =IF($H9="","",IFERROR(AVERAGEIF(Estimativas!C2:C500,$H9,Estimativas!G2:G500),"")) | J9: =IF($H9="","",IFERROR(100-AVERAGEIF(Estimativas!C2:C500,$H9,Estimativas!M2:M500),""))
A10: Subestimadas | B10: =B6 | D10: Opinião Especializada | E10: =IFERROR(AVERAGEIF(Estimativas!D2:D500,$D10,Estimativas!G2:G500),"") | F10: =IFERROR(100-AVERAGEIF(Estimativas!D2:D500,$D10,Estimativas!M2:M500),"") | I10: =IF($H10="","",IFERROR(AVERAGEIF(Estimativas!C2:C500,$H10,Estimativas!G2:G500),"")) | J10: =IF($H10="","",IFERROR(100-AVERAGEIF(Estimativas!C2:C500,$H10,Estimativas!M2:M500),""))
A11: Superestimadas | B11: =B7 | D11: Outra | E11: =IFERROR(AVERAGEIF(Estimativas!D2:D500,$D11,Estimativas!G2:G500),"") | F11: =IFERROR(100-AVERAGEIF(Estimativas!D2:D500,$D11,Estimativas!M2:M500),"") | I11: =IF($H11="","",IFERROR(AVERAGEIF(Estimativas!C2:C500,$H11,Estimativas!G2:G500),"")) | J11: =IF($H11="","",IFERROR(100-AVERAGEIF(Estimativas!C2:C500,$H11,Estimativas!M2:M500),""))
I12: =IF($H12="","",IFERROR(AVERAGEIF(Estimativas!C2:C500,$H12,Estimativas!G2:G500),"")) | J12: =IF($H12="","",IFERROR(100-AVERAGEIF(Estimativas!C2:C500,$H12,Estimativas!M2:M500),""))
I13: =IF($H13="","",IFERROR(AVERAGEIF(Estimativas!C2:C500,$H13,Estimativas!G2:G500),"")) | J13: =IF($H13="","",IFERROR(100-AVERAGEIF(Estimativas!C2:C500,$H13,Estimativas!M2:M500),""))
A14: Tendência de Precisão (Mensal)
A15: Mês | B15: Erro Médio (%) | C15: Precisão (%)
A16: 2026-01 | B16: =IFERROR(AVERAGEIFS(Estimativas!$M$2:$M$500,Estimativas!$H$2:$H$500,">="&DATE(2026,1,1),Estimativas!$H$2:$H$500,"<="&DATE(2026,1,DAY(EOMONTH(DATE(2026,1,1),0)))),"") | C16: =IF(ISNUMBER(B16),100-B16,"")
A17: 2026-02 | B17: =IFERROR(AVERAGEIFS(Estimativas!$M$2:$M$500,Estimativas!$H$2:$H$500,">="&DATE(2026,2,1),Estimativas!$H$2:$H$500,"<="&DATE(2026,2,DAY(EOMONTH(DATE(2026,2,1),0)))),"") | C17: =IF(ISNUMBER(B17),100-B17,"")
A18: 2026-03 | B18: =IFERROR(AVERAGEIFS(Estimativas!$M$2:$M$500,Estimativas!$H$2:$H$500,">="&DATE(2026,3,1),Estimativas!$H$2:$H$500,"<="&DATE(2026,3,DAY(EOMONTH(DATE(2026,3,1),0)))),"") | C18: =IF(ISNUMBER(B18),100-B18,"")
A19: 2026-04 | B19: =IFERROR(AVERAGEIFS(Estimativas!$M$2:$M$500,Estimativas!$H$2:$H$500,">="&DATE(2026,4,1),Estimativas!$H$2:$H$500,"<="&DATE(2026,4,DAY(EOMONTH(DATE(2026,4,1),0)))),"") | C19: =IF(ISNUMBER(B19),100-B19,"")
A20: 2026-05 | B20: =IFERROR(AVERAGEIFS(Estimativas!$M$2:$M$500,Estimativas!$H$2:$H$500,">="&DATE(2026,5,1),Estimativas!$H$2:$H$500,"<="&DATE(2026,5,DAY(EOMONTH(DATE(2026,5,1),0)))),"") | C20: =IF(ISNUMBER(B20),100-B20,"")
A21: 2026-06 | B21: =IFERROR(AVERAGEIFS(Estimativas!$M$2:$M$500,Estimativas!$H$2:$H$500,">="&DATE(2026,6,1),Estimativas!$H$2:$H$500,"<="&DATE(2026,6,DAY(EOMONTH(DATE(2026,6,1),0)))),"") | C21: =IF(ISNUMBER(B21),100-B21,"")
A22: 2026-07 | B22: =IFERROR(AVERAGEIFS(Estimativas!$M$2:$M$500,Estimativas!$H$2:$H$500,">="&DATE(2026,7,1),Estimativas!$H$2:$H$500,"<="&DATE(2026,7,DAY(EOMONTH(DATE(2026,7,1),0)))),"") | C22: =IF(ISNUMBER(B22),100-B22,"")
A23: 2026-08 | B23: =IFERROR(AVERAGEIFS(Estimativas!$M$2:$M$500,Estimativas!$H$2:$H$500,">="&DATE(2026,8,1),Estimativas!$H$2:$H$500,"<="&DATE(2026,8,DAY(EOMONTH(DATE(2026,8,1),0)))),"") | C23: =IF(ISNUMBER(B23),100-B23,"")
A24: 2026-09 | B24: =IFERROR(AVERAGEIFS(Estimativas!$M$2:$M$500,Estimativas!$H$2:$H$500,">="&DATE(2026,9,1),Estimativas!$H$2:$H$500,"<="&DATE(2026,9,DAY(EOMONTH(DATE(2026,9,1),0)))),"") | C24: =IF(ISNUMBER(B24),100-B24,"")
A25: 2026-10 | B25: =IFERROR(AVERAGEIFS(Estimativas!$M$2:$M$500,Estimativas!$H$2:$H$500,">="&DATE(2026,10,1),Estimativas!$H$2:$H$500,"<="&DATE(2026,10,DAY(EOMONTH(DATE(2026,10,1),0)))),"") | C25: =IF(ISNUMBER(B25),100-B25,"")
A26: 2026-11 | B26: =IFERROR(AVERAGEIFS(Estimativas!$M$2:$M$500,Estimativas!$H$2:$H$500,">="&DATE(2026,11,1),Estimativas!$H$2:$H$500,"<="&DATE(2026,11,DAY(EOMONTH(DATE(2026,11,1),0)))),"") | C26: =IF(ISNUMBER(B26),100-B26,"")
A27: 2026-12 | B27: =IFERROR(AVERAGEIFS(Estimativas!$M$2:$M$500,Estimativas!$H$2:$H$500,">="&DATE(2026,12,1),Estimativas!$H$2:$H$500,"<="&DATE(2026,12,DAY(EOMONTH(DATE(2026,12,1),0)))),"") | C27: =IF(ISNUMBER(B27),100-B27,"")

Sheet Dashboards
A1: Painel de Estimativas de Esforço
A3: Indicadores (KPIs)
A4: Total de Estimativas | B4: =Analises!B3
A5: Desvio Médio (%) | B5: =Analises!B4
A6: Precisão da Estimativa (%) | B6: =Analises!B5

Sheet Listas
A1: Técnica | B1: Complexidade | C1: Status
A2: PSP | B2: Baixa | C2: Planejado
A3: Wideband Delphi | B3: Média | C3: Em Execução
A4: Planning Poker | B4: Alta | C4: Concluído
A5: Pontos de Função | B5: Muito Alta | C5: Cancelado
A6: Análise Histórica
A7: Estimativa de Três Pontos
A8: Opinião Especializada
A9: Outra
