Workbook

Sheet Estimativas
A1: ID | B1: Projeto | C1: Funcionalidade / Entrega | D1: Versão | E1: Sprint / Iteração | F1: Técnica de Estimativa | G1: Data | H1: Esforço Estimado | I1: Esforço Real | J1: Tamanho Estimado | K1: Complexidade | L1: Desvio Absoluto | M1: Desvio Percentual | N1: Responsável | O1: Observações | P1: Erro Absoluto (%)
L2: =IF(AND(H2<>"",I2<>""),I2-H2,"") | M2: =IF(AND(H2<>"",H2<>0,I2<>""),(I2-H2)/H2*100,"") | P2: =IF(ISNUMBER(M2),ABS(M2),"")
L3: =IF(AND(H3<>"",I3<>""),I3-H3,"") | M3: =IF(AND(H3<>"",H3<>0,I3<>""),(I3-H3)/H3*100,"") | P3: =IF(ISNUMBER(M3),ABS(M3),"")
L4: =IF(AND(H4<>"",I4<>""),I4-H4,"") | M4: =IF(AND(H4<>"",H4<>0,I4<>""),(I4-H4)/H4*100,"") | P4: =IF(ISNUMBER(M4),ABS(M4),"")
L5: =IF(AND(H5<>"",I5<>""),I5-H5,"") | M5: =IF(AND(H5<>"",H5<>0,I5<>""),(I5-H5)/H5*100,"") | P5: =IF(ISNUMBER(M5),ABS(M5),"")
L6: =IF(AND(H6<>"",I6<>""),I6-H6,"") | M6: =IF(AND(H6<>"",H6<>0,I6<>""),(I6-H6)/H6*100,"") | P6: =IF(ISNUMBER(M6),ABS(M6),"")
L7: =IF(AND(H7<>"",I7<>""),I7-H7,"") | M7: =IF(AND(H7<>"",H7<>0,I7<>""),(I7-H7)/H7*100,"") | P7: =IF(ISNUMBER(M7),ABS(M7),"")
L8: =IF(AND(H8<>"",I8<>""),I8-H8,"") | M8: =IF(AND(H8<>"",H8<>0,I8<>""),(I8-H8)/H8*100,"") | P8: =IF(ISNUMBER(M8),ABS(M8),"")
L9: =IF(AND(H9<>"",I9<>""),I9-H9,"") | M9: =IF(AND(H9<>"",H9<>0,I9<>""),(I9-H9)/H9*100,"") | P9: =IF(ISNUMBER(M9),ABS(M9),"")
L10: =IF(AND(H10<>"",I10<>""),I10-H10,"") | M10: =IF(AND(H10<>"",H10<>0,I10<>""),(I10-H10)/H10*100,"") | P10: =IF(ISNUMBER(M10),ABS(M10),"")
L11: =IF(AND(H11<>"",I11<>""),I11-H11,"") | M11: =IF(AND(H11<>"",H11<>0,I11<>""),(I11-H11)/H11*100,"") | P11: =IF(ISNUMBER(M11),ABS(M11),"")
L12: =IF(AND(H12<>"",I12<>""),I12-H12,"") | M12: =IF(AND(H12<>"",H12<>0,I12<>""),(I12-H12)/H12*100,"") | P12: =IF(ISNUMBER(M12),ABS(M12),"")
L13: =IF(AND(H13<>"",I13<>""),I13-H13,"") | M13: =IF(AND(H13<>"",H13<>0,I13<>""),(I13-H13)/H13*100,"") | P13: =IF(ISNUMBER(M13),ABS(M13),"")
... L500: =IF(AND(H500<>"",I500<>""),I500-H500,"") | M500: =IF(AND(H500<>"",H500<>0,I500<>""),(I500-H500)/H500*100,"") | P500: =IF(ISNUMBER(M500),ABS(M500),"")

Sheet Versoes_Historicas
A1: ID da Estimativa | B1: Versão | C1: Alteração Realizada | D1: Motivo da Revisão | E1: Data | F1: Responsável

Sheet Analises
A1: Análises do Histórico de Estimativas
A2: Indicadores (KPIs) | D2: Técnicas Mais Precisas | H2: Desvio Médio por Versão
A3: Total de Estimativas | B3: =COUNTA(Estimativas!A2:A500) | D3: Técnica | E3: Desvio Médio (%) | F3: Precisão (%) | H3: Versão | I3: Desvio Médio (%) | J3: Esforço Estimado | K3: Esforço Real
A4: Desvio Médio (%) | B4: =IFERROR(AVERAGE(Estimativas!M2:M500),"") | D4: PSP | E4: =IFERROR(AVERAGEIF(Estimativas!F2:F500,$D4,Estimativas!M2:M500),"") | F4: =IFERROR(100-AVERAGEIF(Estimativas!F2:F500,$D4,Estimativas!P2:P500),"") | H4: 1.0.0 | I4: =IFERROR(AVERAGEIF(Estimativas!D2:D500,$H4,Estimativas!M2:M500),"") | J4: =SUMIF(Estimativas!D2:D500,$H4,Estimativas!H2:H500) | K4: =SUMIF(Estimativas!D2:D500,$H4,Estimativas!I2:I500)
A5: Precisão Média (%) | B5: =IFERROR(100-AVERAGE(Estimativas!P2:P500),"") | D5: Wideband Delphi | E5: =IFERROR(AVERAGEIF(Estimativas!F2:F500,$D5,Estimativas!M2:M500),"") | F5: =IFERROR(100-AVERAGEIF(Estimativas!F2:F500,$D5,Estimativas!P2:P500),"") | H5: 1.1.0 | I5: =IFERROR(AVERAGEIF(Estimativas!D2:D500,$H5,Estimativas!M2:M500),"") | J5: =SUMIF(Estimativas!D2:D500,$H5,Estimativas!H2:H500) | K5: =SUMIF(Estimativas!D2:D500,$H5,Estimativas!I2:I500)
A6: Maior Desvio (%) | B6: =IFERROR(MAX(Estimativas!M2:M500),"") | D6: Planning Poker | E6: =IFERROR(AVERAGEIF(Estimativas!F2:F500,$D6,Estimativas!M2:M500),"") | F6: =IFERROR(100-AVERAGEIF(Estimativas!F2:F500,$D6,Estimativas!P2:P500),"") | H6: 1.2.0 | I6: =IFERROR(AVERAGEIF(Estimativas!D2:D500,$H6,Estimativas!M2:M500),"") | J6: =SUMIF(Estimativas!D2:D500,$H6,Estimativas!H2:H500) | K6: =SUMIF(Estimativas!D2:D500,$H6,Estimativas!I2:I500)
A7: Menor Desvio (%) | B7: =IFERROR(MIN(Estimativas!M2:M500),"") | D7: Pontos de Função | E7: =IFERROR(AVERAGEIF(Estimativas!F2:F500,$D7,Estimativas!M2:M500),"") | F7: =IFERROR(100-AVERAGEIF(Estimativas!F2:F500,$D7,Estimativas!P2:P500),"") | H7: 2.0.0 | I7: =IFERROR(AVERAGEIF(Estimativas!D2:D500,$H7,Estimativas!M2:M500),"") | J7: =SUMIF(Estimativas!D2:D500,$H7,Estimativas!H2:H500) | K7: =SUMIF(Estimativas!D2:D500,$H7,Estimativas!I2:I500)
D8: Análise Histórica | E8: =IFERROR(AVERAGEIF(Estimativas!F2:F500,$D8,Estimativas!M2:M500),"") | F8: =IFERROR(100-AVERAGEIF(Estimativas!F2:F500,$D8,Estimativas!P2:P500),"")
D9: Estimativa de Três Pontos | E9: =IFERROR(AVERAGEIF(Estimativas!F2:F500,$D9,Estimativas!M2:M500),"") | F9: =IFERROR(100-AVERAGEIF(Estimativas!F2:F500,$D9,Estimativas!P2:P500),"") | H9: Evolução da Precisão (Mensal)
D10: Opinião Especializada | E10: =IFERROR(AVERAGEIF(Estimativas!F2:F500,$D10,Estimativas!M2:M500),"") | F10: =IFERROR(100-AVERAGEIF(Estimativas!F2:F500,$D10,Estimativas!P2:P500),"") | H10: Mês | I10: Precisão (%)
D11: Outra | E11: =IFERROR(AVERAGEIF(Estimativas!F2:F500,$D11,Estimativas!M2:M500),"") | F11: =IFERROR(100-AVERAGEIF(Estimativas!F2:F500,$D11,Estimativas!P2:P500),"") | H11: 2026-01 | I11: =IFERROR(100-AVERAGEIFS(Estimativas!$P$2:$P$500,Estimativas!$G$2:$G$500,">="&DATE(2026,1,1),Estimativas!$G$2:$G$500,"<="&DATE(2026,1,DAY(EOMONTH(DATE(2026,1,1),0)))),"")
H12: 2026-02 | I12: =IFERROR(100-AVERAGEIFS(Estimativas!$P$2:$P$500,Estimativas!$G$2:$G$500,">="&DATE(2026,2,1),Estimativas!$G$2:$G$500,"<="&DATE(2026,2,DAY(EOMONTH(DATE(2026,2,1),0)))),"")
D13: Precisão por Responsável | H13: 2026-03 | I13: =IFERROR(100-AVERAGEIFS(Estimativas!$P$2:$P$500,Estimativas!$G$2:$G$500,">="&DATE(2026,3,1),Estimativas!$G$2:$G$500,"<="&DATE(2026,3,DAY(EOMONTH(DATE(2026,3,1),0)))),"")
D14: Responsável | E14: Precisão (%) | H14: 2026-04 | I14: =IFERROR(100-AVERAGEIFS(Estimativas!$P$2:$P$500,Estimativas!$G$2:$G$500,">="&DATE(2026,4,1),Estimativas!$G$2:$G$500,"<="&DATE(2026,4,DAY(EOMONTH(DATE(2026,4,1),0)))),"")
E15: =IF($D15="","",IFERROR(100-AVERAGEIF(Estimativas!N2:N500,$D15,Estimativas!P2:P500),"")) | H15: 2026-05 | I15: =IFERROR(100-AVERAGEIFS(Estimativas!$P$2:$P$500,Estimativas!$G$2:$G$500,">="&DATE(2026,5,1),Estimativas!$G$2:$G$500,"<="&DATE(2026,5,DAY(EOMONTH(DATE(2026,5,1),0)))),"")
E16: =IF($D16="","",IFERROR(100-AVERAGEIF(Estimativas!N2:N500,$D16,Estimativas!P2:P500),"")) | H16: 2026-06 | I16: =IFERROR(100-AVERAGEIFS(Estimativas!$P$2:$P$500,Estimativas!$G$2:$G$500,">="&DATE(2026,6,1),Estimativas!$G$2:$G$500,"<="&DATE(2026,6,DAY(EOMONTH(DATE(2026,6,1),0)))),"")
E17: =IF($D17="","",IFERROR(100-AVERAGEIF(Estimativas!N2:N500,$D17,Estimativas!P2:P500),"")) | H17: 2026-07 | I17: =IFERROR(100-AVERAGEIFS(Estimativas!$P$2:$P$500,Estimativas!$G$2:$G$500,">="&DATE(2026,7,1),Estimativas!$G$2:$G$500,"<="&DATE(2026,7,DAY(EOMONTH(DATE(2026,7,1),0)))),"")
E18: =IF($D18="","",IFERROR(100-AVERAGEIF(Estimativas!N2:N500,$D18,Estimativas!P2:P500),"")) | H18: 2026-08 | I18: =IFERROR(100-AVERAGEIFS(Estimativas!$P$2:$P$500,Estimativas!$G$2:$G$500,">="&DATE(2026,8,1),Estimativas!$G$2:$G$500,"<="&DATE(2026,8,DAY(EOMONTH(DATE(2026,8,1),0)))),"")
E19: =IF($D19="","",IFERROR(100-AVERAGEIF(Estimativas!N2:N500,$D19,Estimativas!P2:P500),"")) | H19: 2026-09 | I19: =IFERROR(100-AVERAGEIFS(Estimativas!$P$2:$P$500,Estimativas!$G$2:$G$500,">="&DATE(2026,9,1),Estimativas!$G$2:$G$500,"<="&DATE(2026,9,DAY(EOMONTH(DATE(2026,9,1),0)))),"")
E20: =IF($D20="","",IFERROR(100-AVERAGEIF(Estimativas!N2:N500,$D20,Estimativas!P2:P500),"")) | H20: 2026-10 | I20: =IFERROR(100-AVERAGEIFS(Estimativas!$P$2:$P$500,Estimativas!$G$2:$G$500,">="&DATE(2026,10,1),Estimativas!$G$2:$G$500,"<="&DATE(2026,10,DAY(EOMONTH(DATE(2026,10,1),0)))),"")
E21: =IF($D21="","",IFERROR(100-AVERAGEIF(Estimativas!N2:N500,$D21,Estimativas!P2:P500),"")) | H21: 2026-11 | I21: =IFERROR(100-AVERAGEIFS(Estimativas!$P$2:$P$500,Estimativas!$G$2:$G$500,">="&DATE(2026,11,1),Estimativas!$G$2:$G$500,"<="&DATE(2026,11,DAY(EOMONTH(DATE(2026,11,1),0)))),"")
E22: =IF($D22="","",IFERROR(100-AVERAGEIF(Estimativas!N2:N500,$D22,Estimativas!P2:P500),"")) | H22: 2026-12 | I22: =IFERROR(100-AVERAGEIFS(Estimativas!$P$2:$P$500,Estimativas!$G$2:$G$500,">="&DATE(2026,12,1),Estimativas!$G$2:$G$500,"<="&DATE(2026,12,DAY(EOMONTH(DATE(2026,12,1),0)))),"")
E23: =IF($D23="","",IFERROR(100-AVERAGEIF(Estimativas!N2:N500,$D23,Estimativas!P2:P500),""))
E24: =IF($D24="","",IFERROR(100-AVERAGEIF(Estimativas!N2:N500,$D24,Estimativas!P2:P500),""))

Sheet Dashboards
A1: Painel do Histórico de Estimativas
A3: Indicadores (KPIs)
A4: Total de Estimativas | B4: =Analises!B3
A5: Desvio Médio (%) | B5: =Analises!B4
A6: Precisão Média (%) | B6: =Analises!B5

Sheet Listas
A1: Técnica de Estimativa | B1: Complexidade | C1: Status | D1: Versão
A2: PSP | B2: Baixa | C2: Planejado | D2: 1.0.0
A3: Wideband Delphi | B3: Média | C3: Em Execução | D3: 1.1.0
A4: Planning Poker | B4: Alta | C4: Concluído | D4: 1.2.0
A5: Pontos de Função | B5: Muito Alta | C5: Cancelado | D5: 2.0.0
A6: Análise Histórica
A7: Estimativa de Três Pontos
A8: Opinião Especializada
A9: Outra
