Workbook

Sheet Defeitos
A1: ID | B1: Data Identificação | C1: Projeto | D1: Módulo | E1: Tipo de Defeito | F1: Severidade | G1: Prioridade | H1: Status | I1: Origem | J1: Fase de Detecção | K1: Fase de Introdução | L1: Responsável | M1: Tempo de Correção (dias) | N1: Causa Raiz

Sheet Historico
A1: ID Defeito | B1: Status Anterior | C1: Novo Status | D1: Data da Transição | E1: Responsável | F1: Observações

Sheet Analises
A1: Análises de Defeitos
A2: Indicadores (KPIs) | D2: Defeitos por Severidade | H2: Defeitos por Módulo
A3: Total de Defeitos | B3: =COUNTA(Defeitos!A2:A500) | D3: Categoria | E3: Quantidade | H3: Módulo | I3: Quantidade | J3: Tempo Médio (dias)
A4: Defeitos Abertos | B4: =COUNTIF(Defeitos!H2:H500,"Aberto") | D4: Crítica | E4: =COUNTIF(Defeitos!F2:F500,$D4) | I4: =IF($H4="","",COUNTIF(Defeitos!D2:D500,$H4)) | J4: =IF($H4="","",IFERROR(AVERAGEIF(Defeitos!D2:D500,$H4,Defeitos!M2:M500),""))
A5: Defeitos Fechados | B5: =COUNTIF(Defeitos!H2:H500,"Fechado") | D5: Alta | E5: =COUNTIF(Defeitos!F2:F500,$D5) | I5: =IF($H5="","",COUNTIF(Defeitos!D2:D500,$H5)) | J5: =IF($H5="","",IFERROR(AVERAGEIF(Defeitos!D2:D500,$H5,Defeitos!M2:M500),""))
A6: Tempo Médio de Correção (dias) | B6: =IFERROR(AVERAGE(Defeitos!M2:M500),"") | D6: Média | E6: =COUNTIF(Defeitos!F2:F500,$D6) | I6: =IF($H6="","",COUNTIF(Defeitos!D2:D500,$H6)) | J6: =IF($H6="","",IFERROR(AVERAGEIF(Defeitos!D2:D500,$H6,Defeitos!M2:M500),""))
A7: Defeitos Críticos | B7: =COUNTIF(Defeitos!F2:F500,"Crítica") | D7: Baixa | E7: =COUNTIF(Defeitos!F2:F500,$D7) | I7: =IF($H7="","",COUNTIF(Defeitos!D2:D500,$H7)) | J7: =IF($H7="","",IFERROR(AVERAGEIF(Defeitos!D2:D500,$H7,Defeitos!M2:M500),""))
I8: =IF($H8="","",COUNTIF(Defeitos!D2:D500,$H8)) | J8: =IF($H8="","",IFERROR(AVERAGEIF(Defeitos!D2:D500,$H8,Defeitos!M2:M500),""))
D9: Defeitos por Tipo | I9: =IF($H9="","",COUNTIF(Defeitos!D2:D500,$H9)) | J9: =IF($H9="","",IFERROR(AVERAGEIF(Defeitos!D2:D500,$H9,Defeitos!M2:M500),""))
D10: Categoria | E10: Quantidade | I10: =IF($H10="","",COUNTIF(Defeitos!D2:D500,$H10)) | J10: =IF($H10="","",IFERROR(AVERAGEIF(Defeitos!D2:D500,$H10,Defeitos!M2:M500),""))
D11: Funcional | E11: =COUNTIF(Defeitos!E2:E500,$D11) | I11: =IF($H11="","",COUNTIF(Defeitos!D2:D500,$H11)) | J11: =IF($H11="","",IFERROR(AVERAGEIF(Defeitos!D2:D500,$H11,Defeitos!M2:M500),""))
D12: Interface | E12: =COUNTIF(Defeitos!E2:E500,$D12) | I12: =IF($H12="","",COUNTIF(Defeitos!D2:D500,$H12)) | J12: =IF($H12="","",IFERROR(AVERAGEIF(Defeitos!D2:D500,$H12,Defeitos!M2:M500),""))
D13: Desempenho | E13: =COUNTIF(Defeitos!E2:E500,$D13) | I13: =IF($H13="","",COUNTIF(Defeitos!D2:D500,$H13)) | J13: =IF($H13="","",IFERROR(AVERAGEIF(Defeitos!D2:D500,$H13,Defeitos!M2:M500),""))
D14: Segurança | E14: =COUNTIF(Defeitos!E2:E500,$D14) | I14: =IF($H14="","",COUNTIF(Defeitos!D2:D500,$H14)) | J14: =IF($H14="","",IFERROR(AVERAGEIF(Defeitos!D2:D500,$H14,Defeitos!M2:M500),""))
D15: Usabilidade | E15: =COUNTIF(Defeitos!E2:E500,$D15) | I15: =IF($H15="","",COUNTIF(Defeitos!D2:D500,$H15)) | J15: =IF($H15="","",IFERROR(AVERAGEIF(Defeitos!D2:D500,$H15,Defeitos!M2:M500),""))
D16: Compatibilidade | E16: =COUNTIF(Defeitos!E2:E500,$D16) | I16: =IF($H16="","",COUNTIF(Defeitos!D2:D500,$H16)) | J16: =IF($H16="","",IFERROR(AVERAGEIF(Defeitos!D2:D500,$H16,Defeitos!M2:M500),""))
D17: Documentação | E17: =COUNTIF(Defeitos!E2:E500,$D17) | I17: =IF($H17="","",COUNTIF(Defeitos!D2:D500,$H17)) | J17: =IF($H17="","",IFERROR(AVERAGEIF(Defeitos!D2:D500,$H17,Defeitos!M2:M500),""))
D18: Dados | E18: =COUNTIF(Defeitos!E2:E500,$D18) | I18: =IF($H18="","",COUNTIF(Defeitos!D2:D500,$H18)) | J18: =IF($H18="","",IFERROR(AVERAGEIF(Defeitos!D2:D500,$H18,Defeitos!M2:M500),""))
D19: Infraestrutura | E19: =COUNTIF(Defeitos!E2:E500,$D19)
D20: Outro | E20: =COUNTIF(Defeitos!E2:E500,$D20)
D22: Defeitos por Fase de Introdução
D23: Categoria | E23: Quantidade
D24: Requisitos | E24: =COUNTIF(Defeitos!K2:K500,$D24)
D25: Design | E25: =COUNTIF(Defeitos!K2:K500,$D25)
D26: Codificação | E26: =COUNTIF(Defeitos!K2:K500,$D26)
D27: Integração | E27: =COUNTIF(Defeitos!K2:K500,$D27)
D28: Teste | E28: =COUNTIF(Defeitos!K2:K500,$D28)
D29: Implantação | E29: =COUNTIF(Defeitos!K2:K500,$D29)
D30: Produção | E30: =COUNTIF(Defeitos!K2:K500,$D30)

Sheet Dashboards
A1: Painel de Defeitos
A3: Indicadores (KPIs) | D3: Evolução Temporal (Identificados)
A4: Total de Defeitos | B4: =Analises!B3 | D4: Mês | E4: Quantidade
A5: Defeitos Abertos | B5: =Analises!B4 | D5: 2026-01 | E5: =COUNTIFS(Defeitos!$B$2:$B$500,">="&DATE(2026,1,1),Defeitos!$B$2:$B$500,"<="&DATE(2026,1,DAY(EOMONTH(DATE(2026,1,1),0))))
A6: Defeitos Fechados | B6: =Analises!B5 | D6: 2026-02 | E6: =COUNTIFS(Defeitos!$B$2:$B$500,">="&DATE(2026,2,1),Defeitos!$B$2:$B$500,"<="&DATE(2026,2,DAY(EOMONTH(DATE(2026,2,1),0))))
A7: Tempo Médio de Correção (dias) | B7: =Analises!B6 | D7: 2026-03 | E7: =COUNTIFS(Defeitos!$B$2:$B$500,">="&DATE(2026,3,1),Defeitos!$B$2:$B$500,"<="&DATE(2026,3,DAY(EOMONTH(DATE(2026,3,1),0))))
D8: 2026-04 | E8: =COUNTIFS(Defeitos!$B$2:$B$500,">="&DATE(2026,4,1),Defeitos!$B$2:$B$500,"<="&DATE(2026,4,DAY(EOMONTH(DATE(2026,4,1),0))))
D9: 2026-05 | E9: =COUNTIFS(Defeitos!$B$2:$B$500,">="&DATE(2026,5,1),Defeitos!$B$2:$B$500,"<="&DATE(2026,5,DAY(EOMONTH(DATE(2026,5,1),0))))
D10: 2026-06 | E10: =COUNTIFS(Defeitos!$B$2:$B$500,">="&DATE(2026,6,1),Defeitos!$B$2:$B$500,"<="&DATE(2026,6,DAY(EOMONTH(DATE(2026,6,1),0))))
D11: 2026-07 | E11: =COUNTIFS(Defeitos!$B$2:$B$500,">="&DATE(2026,7,1),Defeitos!$B$2:$B$500,"<="&DATE(2026,7,DAY(EOMONTH(DATE(2026,7,1),0))))
D12: 2026-08 | E12: =COUNTIFS(Defeitos!$B$2:$B$500,">="&DATE(2026,8,1),Defeitos!$B$2:$B$500,"<="&DATE(2026,8,DAY(EOMONTH(DATE(2026,8,1),0))))
D13: 2026-09 | E13: =COUNTIFS(Defeitos!$B$2:$B$500,">="&DATE(2026,9,1),Defeitos!$B$2:$B$500,"<="&DATE(2026,9,DAY(EOMONTH(DATE(2026,9,1),0))))
D14: 2026-10 | E14: =COUNTIFS(Defeitos!$B$2:$B$500,">="&DATE(2026,10,1),Defeitos!$B$2:$B$500,"<="&DATE(2026,10,DAY(EOMONTH(DATE(2026,10,1),0))))
D15: 2026-11 | E15: =COUNTIFS(Defeitos!$B$2:$B$500,">="&DATE(2026,11,1),Defeitos!$B$2:$B$500,"<="&DATE(2026,11,DAY(EOMONTH(DATE(2026,11,1),0))))
D16: 2026-12 | E16: =COUNTIFS(Defeitos!$B$2:$B$500,">="&DATE(2026,12,1),Defeitos!$B$2:$B$500,"<="&DATE(2026,12,DAY(EOMONTH(DATE(2026,12,1),0))))

Sheet Listas
A1: Severidade | B1: Status | C1: Tipo de Defeito | D1: Prioridade | E1: Origem | F1: Fase
A2: Crítica | B2: Aberto | C2: Funcional | D2: Alta | E2: Requisito | F2: Requisitos
A3: Alta | B3: Em Análise | C3: Interface | D3: Média | E3: Design | F3: Design
A4: Média | B4: Em Correção | C4: Desempenho | D4: Baixa | E4: Codificação | F4: Codificação
A5: Baixa | B5: Em Reteste | C5: Segurança | E5: Integração | F5: Integração
B6: Fechado | C6: Usabilidade | E6: Teste | F6: Teste
B7: Cancelado | C7: Compatibilidade | E7: Implantação | F7: Implantação
C8: Documentação | F8: Produção
C9: Dados
C10: Infraestrutura
C11: Outro
