Workbook

Sheet Records
A1: ID | B1: Project | C1: Team | D1: Sprint / Iteration | E1: Date | F1: Activity / Deliverable | G1: Work Type | H1: Owner | I1: Planned Hours | J1: Worked Hours | K1: Completed Items | L1: Planned Items | M1: Rework | N1: Blockers | O1: Blockers Description | P1: Status

Sheet Indicators
A1: Productivity Indicators
A2: Indicators (KPIs)
A3: Total Planned Hours | B3: =SUM(Records!I2:I500)
A4: Total Worked Hours | B4: =SUM(Records!J2:J500)
A5: Difference (Plan - Actual) | B5: =Indicators!B3-Indicators!B4
A6: Rework Rate (%) | B6: =IFERROR(COUNTIF(Records!M2:M500,"Yes")/COUNTA(Records!A2:A500)*100,"")
A7: Blockers Rate (%) | B7: =IFERROR(COUNTIF(Records!N2:N500,"Yes")/COUNTA(Records!A2:A500)*100,"")
A8: Total Completed Items | B8: =SUM(Records!K2:K500)
A9: Total Planned Items | B9: =SUM(Records!L2:L500)
A10: Efficiency (%) (Completed/Planned) | B10: =IFERROR(Indicators!B8/Indicators!B9*100,"")
A11: Average Deliveries per Day | B11: =IFERROR(Indicators!B8/SUMPRODUCT((Records!E2:E500<>"")/COUNTIF(Records!E2:E500,Records!E2:E500&"")),"")
A12: Average Productivity (Items/Hour) | B12: =IFERROR(Indicators!B8/Indicators!B4,"")

Sheet Analyses
A1: Productivity Analyses
A3: Productivity by Work Type | E3: Productivity by Sprint
A4: Work Type | B4: Completed Items | E4: Sprint / Iteration | F4: Completed Items
A5: Development | B5: =SUMIF(Records!G2:G500,$A5,Records!K2:K500) | F5: =IF($E5="","",SUMIF(Records!D2:D500,$E5,Records!K2:K500))
A6: Testing | B6: =SUMIF(Records!G2:G500,$A6,Records!K2:K500) | F6: =IF($E6="","",SUMIF(Records!D2:D500,$E6,Records!K2:K500))
A7: Meeting | B7: =SUMIF(Records!G2:G500,$A7,Records!K2:K500) | F7: =IF($E7="","",SUMIF(Records!D2:D500,$E7,Records!K2:K500))
A8: Fixing | B8: =SUMIF(Records!G2:G500,$A8,Records!K2:K500) | F8: =IF($E8="","",SUMIF(Records!D2:D500,$E8,Records!K2:K500))
A9: Analysis | B9: =SUMIF(Records!G2:G500,$A9,Records!K2:K500) | F9: =IF($E9="","",SUMIF(Records!D2:D500,$E9,Records!K2:K500))
A10: Documentation | B10: =SUMIF(Records!G2:G500,$A10,Records!K2:K500) | F10: =IF($E10="","",SUMIF(Records!D2:D500,$E10,Records!K2:K500))
A11: Support | B11: =SUMIF(Records!G2:G500,$A11,Records!K2:K500) | F11: =IF($E11="","",SUMIF(Records!D2:D500,$E11,Records!K2:K500))
A12: Integration | B12: =SUMIF(Records!G2:G500,$A12,Records!K2:K500) | F12: =IF($E12="","",SUMIF(Records!D2:D500,$E12,Records!K2:K500))
F13: =IF($E13="","",SUMIF(Records!D2:D500,$E13,Records!K2:K500))
A14: Productivity by Owner | F14: =IF($E14="","",SUMIF(Records!D2:D500,$E14,Records!K2:K500))
A15: Owner | B15: Completed Items | C15: Productivity (Items/Hour) | F15: =IF($E15="","",SUMIF(Records!D2:D500,$E15,Records!K2:K500))
B16: =IF($A16="","",SUMIF(Records!H2:H500,$A16,Records!K2:K500)) | C16: =IF($A16="","",IFERROR(SUMIF(Records!H2:H500,$A16,Records!K2:K500)/SUMIF(Records!H2:H500,$A16,Records!J2:J500),"")) | F16: =IF($E16="","",SUMIF(Records!D2:D500,$E16,Records!K2:K500))
B17: =IF($A17="","",SUMIF(Records!H2:H500,$A17,Records!K2:K500)) | C17: =IF($A17="","",IFERROR(SUMIF(Records!H2:H500,$A17,Records!K2:K500)/SUMIF(Records!H2:H500,$A17,Records!J2:J500),""))
B18: =IF($A18="","",SUMIF(Records!H2:H500,$A18,Records!K2:K500)) | C18: =IF($A18="","",IFERROR(SUMIF(Records!H2:H500,$A18,Records!K2:K500)/SUMIF(Records!H2:H500,$A18,Records!J2:J500),"")) | E18: Productivity by Team
B19: =IF($A19="","",SUMIF(Records!H2:H500,$A19,Records!K2:K500)) | C19: =IF($A19="","",IFERROR(SUMIF(Records!H2:H500,$A19,Records!K2:K500)/SUMIF(Records!H2:H500,$A19,Records!J2:J500),"")) | E19: Team | F19: Completed Items
B20: =IF($A20="","",SUMIF(Records!H2:H500,$A20,Records!K2:K500)) | C20: =IF($A20="","",IFERROR(SUMIF(Records!H2:H500,$A20,Records!K2:K500)/SUMIF(Records!H2:H500,$A20,Records!J2:J500),"")) | F20: =IF($E20="","",SUMIF(Records!C2:C500,$E20,Records!K2:K500))
B21: =IF($A21="","",SUMIF(Records!H2:H500,$A21,Records!K2:K500)) | C21: =IF($A21="","",IFERROR(SUMIF(Records!H2:H500,$A21,Records!K2:K500)/SUMIF(Records!H2:H500,$A21,Records!J2:J500),"")) | F21: =IF($E21="","",SUMIF(Records!C2:C500,$E21,Records!K2:K500))
B22: =IF($A22="","",SUMIF(Records!H2:H500,$A22,Records!K2:K500)) | C22: =IF($A22="","",IFERROR(SUMIF(Records!H2:H500,$A22,Records!K2:K500)/SUMIF(Records!H2:H500,$A22,Records!J2:J500),"")) | F22: =IF($E22="","",SUMIF(Records!C2:C500,$E22,Records!K2:K500))
B23: =IF($A23="","",SUMIF(Records!H2:H500,$A23,Records!K2:K500)) | C23: =IF($A23="","",IFERROR(SUMIF(Records!H2:H500,$A23,Records!K2:K500)/SUMIF(Records!H2:H500,$A23,Records!J2:J500),"")) | F23: =IF($E23="","",SUMIF(Records!C2:C500,$E23,Records!K2:K500))
B24: =IF($A24="","",SUMIF(Records!H2:H500,$A24,Records!K2:K500)) | C24: =IF($A24="","",IFERROR(SUMIF(Records!H2:H500,$A24,Records!K2:K500)/SUMIF(Records!H2:H500,$A24,Records!J2:J500),"")) | F24: =IF($E24="","",SUMIF(Records!C2:C500,$E24,Records!K2:K500))
B25: =IF($A25="","",SUMIF(Records!H2:H500,$A25,Records!K2:K500)) | C25: =IF($A25="","",IFERROR(SUMIF(Records!H2:H500,$A25,Records!K2:K500)/SUMIF(Records!H2:H500,$A25,Records!J2:J500),"")) | F25: =IF($E25="","",SUMIF(Records!C2:C500,$E25,Records!K2:K500))
F26: =IF($E26="","",SUMIF(Records!C2:C500,$E26,Records!K2:K500))
F27: =IF($E27="","",SUMIF(Records!C2:C500,$E27,Records!K2:K500))

Sheet Dashboards
A1: Productivity Dashboard
A3: Indicators (KPIs) | D3: Productivity Trend (Monthly)
A4: Total Worked Hours | B4: =Indicators!B4 | D4: Month | E4: Completed Items | F4: Planned Hours | G4: Worked Hours
A5: Efficiency (%) (Completed/Planned) | B5: =Indicators!B10 | D5: 2026-01 | E5: =SUMIFS(Records!$K$2:$K$500,Records!$E$2:$E$500,">="&DATE(2026,1,1),Records!$E$2:$E$500,"<="&DATE(2026,1,DAY(EOMONTH(DATE(2026,1,1),0)))) | F5: =SUMIFS(Records!$I$2:$I$500,Records!$E$2:$E$500,">="&DATE(2026,1,1),Records!$E$2:$E$500,"<="&DATE(2026,1,DAY(EOMONTH(DATE(2026,1,1),0)))) | G5: =SUMIFS(Records!$J$2:$J$500,Records!$E$2:$E$500,">="&DATE(2026,1,1),Records!$E$2:$E$500,"<="&DATE(2026,1,DAY(EOMONTH(DATE(2026,1,1),0))))
A6: Rework Rate (%) | B6: =Indicators!B6 | D6: 2026-02 | E6: =SUMIFS(Records!$K$2:$K$500,Records!$E$2:$E$500,">="&DATE(2026,2,1),Records!$E$2:$E$500,"<="&DATE(2026,2,DAY(EOMONTH(DATE(2026,2,1),0)))) | F6: =SUMIFS(Records!$I$2:$I$500,Records!$E$2:$E$500,">="&DATE(2026,2,1),Records!$E$2:$E$500,"<="&DATE(2026,2,DAY(EOMONTH(DATE(2026,2,1),0)))) | G6: =SUMIFS(Records!$J$2:$J$500,Records!$E$2:$E$500,">="&DATE(2026,2,1),Records!$E$2:$E$500,"<="&DATE(2026,2,DAY(EOMONTH(DATE(2026,2,1),0))))
A7: Blockers Rate (%) | B7: =Indicators!B7 | D7: 2026-03 | E7: =SUMIFS(Records!$K$2:$K$500,Records!$E$2:$E$500,">="&DATE(2026,3,1),Records!$E$2:$E$500,"<="&DATE(2026,3,DAY(EOMONTH(DATE(2026,3,1),0)))) | F7: =SUMIFS(Records!$I$2:$I$500,Records!$E$2:$E$500,">="&DATE(2026,3,1),Records!$E$2:$E$500,"<="&DATE(2026,3,DAY(EOMONTH(DATE(2026,3,1),0)))) | G7: =SUMIFS(Records!$J$2:$J$500,Records!$E$2:$E$500,">="&DATE(2026,3,1),Records!$E$2:$E$500,"<="&DATE(2026,3,DAY(EOMONTH(DATE(2026,3,1),0))))
A8: Average Productivity (Items/Hour) | B8: =Indicators!B12 | D8: 2026-04 | E8: =SUMIFS(Records!$K$2:$K$500,Records!$E$2:$E$500,">="&DATE(2026,4,1),Records!$E$2:$E$500,"<="&DATE(2026,4,DAY(EOMONTH(DATE(2026,4,1),0)))) | F8: =SUMIFS(Records!$I$2:$I$500,Records!$E$2:$E$500,">="&DATE(2026,4,1),Records!$E$2:$E$500,"<="&DATE(2026,4,DAY(EOMONTH(DATE(2026,4,1),0)))) | G8: =SUMIFS(Records!$J$2:$J$500,Records!$E$2:$E$500,">="&DATE(2026,4,1),Records!$E$2:$E$500,"<="&DATE(2026,4,DAY(EOMONTH(DATE(2026,4,1),0))))
D9: 2026-05 | E9: =SUMIFS(Records!$K$2:$K$500,Records!$E$2:$E$500,">="&DATE(2026,5,1),Records!$E$2:$E$500,"<="&DATE(2026,5,DAY(EOMONTH(DATE(2026,5,1),0)))) | F9: =SUMIFS(Records!$I$2:$I$500,Records!$E$2:$E$500,">="&DATE(2026,5,1),Records!$E$2:$E$500,"<="&DATE(2026,5,DAY(EOMONTH(DATE(2026,5,1),0)))) | G9: =SUMIFS(Records!$J$2:$J$500,Records!$E$2:$E$500,">="&DATE(2026,5,1),Records!$E$2:$E$500,"<="&DATE(2026,5,DAY(EOMONTH(DATE(2026,5,1),0))))
D10: 2026-06 | E10: =SUMIFS(Records!$K$2:$K$500,Records!$E$2:$E$500,">="&DATE(2026,6,1),Records!$E$2:$E$500,"<="&DATE(2026,6,DAY(EOMONTH(DATE(2026,6,1),0)))) | F10: =SUMIFS(Records!$I$2:$I$500,Records!$E$2:$E$500,">="&DATE(2026,6,1),Records!$E$2:$E$500,"<="&DATE(2026,6,DAY(EOMONTH(DATE(2026,6,1),0)))) | G10: =SUMIFS(Records!$J$2:$J$500,Records!$E$2:$E$500,">="&DATE(2026,6,1),Records!$E$2:$E$500,"<="&DATE(2026,6,DAY(EOMONTH(DATE(2026,6,1),0))))
D11: 2026-07 | E11: =SUMIFS(Records!$K$2:$K$500,Records!$E$2:$E$500,">="&DATE(2026,7,1),Records!$E$2:$E$500,"<="&DATE(2026,7,DAY(EOMONTH(DATE(2026,7,1),0)))) | F11: =SUMIFS(Records!$I$2:$I$500,Records!$E$2:$E$500,">="&DATE(2026,7,1),Records!$E$2:$E$500,"<="&DATE(2026,7,DAY(EOMONTH(DATE(2026,7,1),0)))) | G11: =SUMIFS(Records!$J$2:$J$500,Records!$E$2:$E$500,">="&DATE(2026,7,1),Records!$E$2:$E$500,"<="&DATE(2026,7,DAY(EOMONTH(DATE(2026,7,1),0))))
D12: 2026-08 | E12: =SUMIFS(Records!$K$2:$K$500,Records!$E$2:$E$500,">="&DATE(2026,8,1),Records!$E$2:$E$500,"<="&DATE(2026,8,DAY(EOMONTH(DATE(2026,8,1),0)))) | F12: =SUMIFS(Records!$I$2:$I$500,Records!$E$2:$E$500,">="&DATE(2026,8,1),Records!$E$2:$E$500,"<="&DATE(2026,8,DAY(EOMONTH(DATE(2026,8,1),0)))) | G12: =SUMIFS(Records!$J$2:$J$500,Records!$E$2:$E$500,">="&DATE(2026,8,1),Records!$E$2:$E$500,"<="&DATE(2026,8,DAY(EOMONTH(DATE(2026,8,1),0))))
D13: 2026-09 | E13: =SUMIFS(Records!$K$2:$K$500,Records!$E$2:$E$500,">="&DATE(2026,9,1),Records!$E$2:$E$500,"<="&DATE(2026,9,DAY(EOMONTH(DATE(2026,9,1),0)))) | F13: =SUMIFS(Records!$I$2:$I$500,Records!$E$2:$E$500,">="&DATE(2026,9,1),Records!$E$2:$E$500,"<="&DATE(2026,9,DAY(EOMONTH(DATE(2026,9,1),0)))) | G13: =SUMIFS(Records!$J$2:$J$500,Records!$E$2:$E$500,">="&DATE(2026,9,1),Records!$E$2:$E$500,"<="&DATE(2026,9,DAY(EOMONTH(DATE(2026,9,1),0))))
D14: 2026-10 | E14: =SUMIFS(Records!$K$2:$K$500,Records!$E$2:$E$500,">="&DATE(2026,10,1),Records!$E$2:$E$500,"<="&DATE(2026,10,DAY(EOMONTH(DATE(2026,10,1),0)))) | F14: =SUMIFS(Records!$I$2:$I$500,Records!$E$2:$E$500,">="&DATE(2026,10,1),Records!$E$2:$E$500,"<="&DATE(2026,10,DAY(EOMONTH(DATE(2026,10,1),0)))) | G14: =SUMIFS(Records!$J$2:$J$500,Records!$E$2:$E$500,">="&DATE(2026,10,1),Records!$E$2:$E$500,"<="&DATE(2026,10,DAY(EOMONTH(DATE(2026,10,1),0))))
D15: 2026-11 | E15: =SUMIFS(Records!$K$2:$K$500,Records!$E$2:$E$500,">="&DATE(2026,11,1),Records!$E$2:$E$500,"<="&DATE(2026,11,DAY(EOMONTH(DATE(2026,11,1),0)))) | F15: =SUMIFS(Records!$I$2:$I$500,Records!$E$2:$E$500,">="&DATE(2026,11,1),Records!$E$2:$E$500,"<="&DATE(2026,11,DAY(EOMONTH(DATE(2026,11,1),0)))) | G15: =SUMIFS(Records!$J$2:$J$500,Records!$E$2:$E$500,">="&DATE(2026,11,1),Records!$E$2:$E$500,"<="&DATE(2026,11,DAY(EOMONTH(DATE(2026,11,1),0))))
D16: 2026-12 | E16: =SUMIFS(Records!$K$2:$K$500,Records!$E$2:$E$500,">="&DATE(2026,12,1),Records!$E$2:$E$500,"<="&DATE(2026,12,DAY(EOMONTH(DATE(2026,12,1),0)))) | F16: =SUMIFS(Records!$I$2:$I$500,Records!$E$2:$E$500,">="&DATE(2026,12,1),Records!$E$2:$E$500,"<="&DATE(2026,12,DAY(EOMONTH(DATE(2026,12,1),0)))) | G16: =SUMIFS(Records!$J$2:$J$500,Records!$E$2:$E$500,">="&DATE(2026,12,1),Records!$E$2:$E$500,"<="&DATE(2026,12,DAY(EOMONTH(DATE(2026,12,1),0))))

Sheet Lists
A1: Work Type | B1: Status | C1: Yes/No
A2: Development | B2: Completed | C2: Yes
A3: Testing | B3: In Progress | C3: No
A4: Meeting | B4: Blocked
A5: Fixing
A6: Analysis
A7: Documentation
A8: Support
A9: Integration
