Workbook

Sheet Registros
A1: ID | B1: Projeto | C1: Equipe | D1: Sprint / Iteração | E1: Data | F1: Atividade / Entrega | G1: Tipo de Trabalho | H1: Responsável | I1: Horas Planejadas | J1: Horas Trabalhadas | K1: Itens Concluídos | L1: Itens Planejados | M1: Retrabalho | N1: Bloqueios | O1: Descrição de Bloqueios | P1: Status

Sheet Indicadores
A1: Indicadores de Produtividade
A2: Indicadores (KPIs)
A3: Total de Horas Planejadas | B3: =SUM(Registros!I2:I500)
A4: Total de Horas Trabalhadas | B4: =SUM(Registros!J2:J500)
A5: Diferença (Plan - Real) | B5: =Indicadores!B3-Indicadores!B4
A6: Taxa de Retrabalho (%) | B6: =IFERROR(COUNTIF(Registros!M2:M500,"Sim")/COUNTA(Registros!A2:A500)*100,"")
A7: Taxa de Bloqueios (%) | B7: =IFERROR(COUNTIF(Registros!N2:N500,"Sim")/COUNTA(Registros!A2:A500)*100,"")
A8: Total de Itens Concluídos | B8: =SUM(Registros!K2:K500)
A9: Total de Itens Planejados | B9: =SUM(Registros!L2:L500)
A10: Eficiência (%) (Concluídos/Planejados) | B10: =IFERROR(Indicadores!B8/Indicadores!B9*100,"")
A11: Média de Entregas por Dia | B11: =IFERROR(Indicadores!B8/SUMPRODUCT((Registros!E2:E500<>"")/COUNTIF(Registros!E2:E500,Registros!E2:E500&"")),"")
A12: Produtividade Média (Itens/Hora) | B12: =IFERROR(Indicadores!B8/Indicadores!B4,"")

Sheet Analises
A1: Análises de Produtividade
A3: Produtividade por Tipo de Trabalho | E3: Produtividade por Sprint
A4: Tipo de Trabalho | B4: Itens Concl. | E4: Sprint / Iteração | F4: Itens Concl.
A5: Desenvolvimento | B5: =SUMIF(Registros!G2:G500,$A5,Registros!K2:K500) | F5: =IF($E5="","",SUMIF(Registros!D2:D500,$E5,Registros!K2:K500))
A6: Testes | B6: =SUMIF(Registros!G2:G500,$A6,Registros!K2:K500) | F6: =IF($E6="","",SUMIF(Registros!D2:D500,$E6,Registros!K2:K500))
A7: Reunião | B7: =SUMIF(Registros!G2:G500,$A7,Registros!K2:K500) | F7: =IF($E7="","",SUMIF(Registros!D2:D500,$E7,Registros!K2:K500))
A8: Correção | B8: =SUMIF(Registros!G2:G500,$A8,Registros!K2:K500) | F8: =IF($E8="","",SUMIF(Registros!D2:D500,$E8,Registros!K2:K500))
A9: Análise | B9: =SUMIF(Registros!G2:G500,$A9,Registros!K2:K500) | F9: =IF($E9="","",SUMIF(Registros!D2:D500,$E9,Registros!K2:K500))
A10: Documentação | B10: =SUMIF(Registros!G2:G500,$A10,Registros!K2:K500) | F10: =IF($E10="","",SUMIF(Registros!D2:D500,$E10,Registros!K2:K500))
A11: Suporte | B11: =SUMIF(Registros!G2:G500,$A11,Registros!K2:K500) | F11: =IF($E11="","",SUMIF(Registros!D2:D500,$E11,Registros!K2:K500))
A12: Integração | B12: =SUMIF(Registros!G2:G500,$A12,Registros!K2:K500) | F12: =IF($E12="","",SUMIF(Registros!D2:D500,$E12,Registros!K2:K500))
F13: =IF($E13="","",SUMIF(Registros!D2:D500,$E13,Registros!K2:K500))
A14: Produtividade por Responsável | F14: =IF($E14="","",SUMIF(Registros!D2:D500,$E14,Registros!K2:K500))
A15: Responsável | B15: Itens Concl. | C15: Produtividade (Itens/Hora) | F15: =IF($E15="","",SUMIF(Registros!D2:D500,$E15,Registros!K2:K500))
B16: =IF($A16="","",SUMIF(Registros!H2:H500,$A16,Registros!K2:K500)) | C16: =IF($A16="","",IFERROR(SUMIF(Registros!H2:H500,$A16,Registros!K2:K500)/SUMIF(Registros!H2:H500,$A16,Registros!J2:J500),"")) | F16: =IF($E16="","",SUMIF(Registros!D2:D500,$E16,Registros!K2:K500))
B17: =IF($A17="","",SUMIF(Registros!H2:H500,$A17,Registros!K2:K500)) | C17: =IF($A17="","",IFERROR(SUMIF(Registros!H2:H500,$A17,Registros!K2:K500)/SUMIF(Registros!H2:H500,$A17,Registros!J2:J500),""))
B18: =IF($A18="","",SUMIF(Registros!H2:H500,$A18,Registros!K2:K500)) | C18: =IF($A18="","",IFERROR(SUMIF(Registros!H2:H500,$A18,Registros!K2:K500)/SUMIF(Registros!H2:H500,$A18,Registros!J2:J500),"")) | E18: Produtividade por Equipe
B19: =IF($A19="","",SUMIF(Registros!H2:H500,$A19,Registros!K2:K500)) | C19: =IF($A19="","",IFERROR(SUMIF(Registros!H2:H500,$A19,Registros!K2:K500)/SUMIF(Registros!H2:H500,$A19,Registros!J2:J500),"")) | E19: Equipe | F19: Itens Concl.
B20: =IF($A20="","",SUMIF(Registros!H2:H500,$A20,Registros!K2:K500)) | C20: =IF($A20="","",IFERROR(SUMIF(Registros!H2:H500,$A20,Registros!K2:K500)/SUMIF(Registros!H2:H500,$A20,Registros!J2:J500),"")) | F20: =IF($E20="","",SUMIF(Registros!C2:C500,$E20,Registros!K2:K500))
B21: =IF($A21="","",SUMIF(Registros!H2:H500,$A21,Registros!K2:K500)) | C21: =IF($A21="","",IFERROR(SUMIF(Registros!H2:H500,$A21,Registros!K2:K500)/SUMIF(Registros!H2:H500,$A21,Registros!J2:J500),"")) | F21: =IF($E21="","",SUMIF(Registros!C2:C500,$E21,Registros!K2:K500))
B22: =IF($A22="","",SUMIF(Registros!H2:H500,$A22,Registros!K2:K500)) | C22: =IF($A22="","",IFERROR(SUMIF(Registros!H2:H500,$A22,Registros!K2:K500)/SUMIF(Registros!H2:H500,$A22,Registros!J2:J500),"")) | F22: =IF($E22="","",SUMIF(Registros!C2:C500,$E22,Registros!K2:K500))
B23: =IF($A23="","",SUMIF(Registros!H2:H500,$A23,Registros!K2:K500)) | C23: =IF($A23="","",IFERROR(SUMIF(Registros!H2:H500,$A23,Registros!K2:K500)/SUMIF(Registros!H2:H500,$A23,Registros!J2:J500),"")) | F23: =IF($E23="","",SUMIF(Registros!C2:C500,$E23,Registros!K2:K500))
B24: =IF($A24="","",SUMIF(Registros!H2:H500,$A24,Registros!K2:K500)) | C24: =IF($A24="","",IFERROR(SUMIF(Registros!H2:H500,$A24,Registros!K2:K500)/SUMIF(Registros!H2:H500,$A24,Registros!J2:J500),"")) | F24: =IF($E24="","",SUMIF(Registros!C2:C500,$E24,Registros!K2:K500))
B25: =IF($A25="","",SUMIF(Registros!H2:H500,$A25,Registros!K2:K500)) | C25: =IF($A25="","",IFERROR(SUMIF(Registros!H2:H500,$A25,Registros!K2:K500)/SUMIF(Registros!H2:H500,$A25,Registros!J2:J500),"")) | F25: =IF($E25="","",SUMIF(Registros!C2:C500,$E25,Registros!K2:K500))
F26: =IF($E26="","",SUMIF(Registros!C2:C500,$E26,Registros!K2:K500))
F27: =IF($E27="","",SUMIF(Registros!C2:C500,$E27,Registros!K2:K500))

Sheet Dashboards
A1: Painel de Produtividade
A3: Indicadores (KPIs) | D3: Evolução da Produtividade (Mensal)
A4: Total de Horas Trabalhadas | B4: =Indicadores!B4 | D4: Mês | E4: Itens Concl. | F4: Horas Planejadas | G4: Horas Trabalhadas
A5: Eficiência (%) (Concluídos/Planejados) | B5: =Indicadores!B10 | D5: 2026-01 | E5: =SUMIFS(Registros!$K$2:$K$500,Registros!$E$2:$E$500,">="&DATE(2026,1,1),Registros!$E$2:$E$500,"<="&DATE(2026,1,DAY(EOMONTH(DATE(2026,1,1),0)))) | F5: =SUMIFS(Registros!$I$2:$I$500,Registros!$E$2:$E$500,">="&DATE(2026,1,1),Registros!$E$2:$E$500,"<="&DATE(2026,1,DAY(EOMONTH(DATE(2026,1,1),0)))) | G5: =SUMIFS(Registros!$J$2:$J$500,Registros!$E$2:$E$500,">="&DATE(2026,1,1),Registros!$E$2:$E$500,"<="&DATE(2026,1,DAY(EOMONTH(DATE(2026,1,1),0))))
A6: Taxa de Retrabalho (%) | B6: =Indicadores!B6 | D6: 2026-02 | E6: =SUMIFS(Registros!$K$2:$K$500,Registros!$E$2:$E$500,">="&DATE(2026,2,1),Registros!$E$2:$E$500,"<="&DATE(2026,2,DAY(EOMONTH(DATE(2026,2,1),0)))) | F6: =SUMIFS(Registros!$I$2:$I$500,Registros!$E$2:$E$500,">="&DATE(2026,2,1),Registros!$E$2:$E$500,"<="&DATE(2026,2,DAY(EOMONTH(DATE(2026,2,1),0)))) | G6: =SUMIFS(Registros!$J$2:$J$500,Registros!$E$2:$E$500,">="&DATE(2026,2,1),Registros!$E$2:$E$500,"<="&DATE(2026,2,DAY(EOMONTH(DATE(2026,2,1),0))))
A7: Taxa de Bloqueios (%) | B7: =Indicadores!B7 | D7: 2026-03 | E7: =SUMIFS(Registros!$K$2:$K$500,Registros!$E$2:$E$500,">="&DATE(2026,3,1),Registros!$E$2:$E$500,"<="&DATE(2026,3,DAY(EOMONTH(DATE(2026,3,1),0)))) | F7: =SUMIFS(Registros!$I$2:$I$500,Registros!$E$2:$E$500,">="&DATE(2026,3,1),Registros!$E$2:$E$500,"<="&DATE(2026,3,DAY(EOMONTH(DATE(2026,3,1),0)))) | G7: =SUMIFS(Registros!$J$2:$J$500,Registros!$E$2:$E$500,">="&DATE(2026,3,1),Registros!$E$2:$E$500,"<="&DATE(2026,3,DAY(EOMONTH(DATE(2026,3,1),0))))
A8: Produtividade Média (Itens/Hora) | B8: =Indicadores!B12 | D8: 2026-04 | E8: =SUMIFS(Registros!$K$2:$K$500,Registros!$E$2:$E$500,">="&DATE(2026,4,1),Registros!$E$2:$E$500,"<="&DATE(2026,4,DAY(EOMONTH(DATE(2026,4,1),0)))) | F8: =SUMIFS(Registros!$I$2:$I$500,Registros!$E$2:$E$500,">="&DATE(2026,4,1),Registros!$E$2:$E$500,"<="&DATE(2026,4,DAY(EOMONTH(DATE(2026,4,1),0)))) | G8: =SUMIFS(Registros!$J$2:$J$500,Registros!$E$2:$E$500,">="&DATE(2026,4,1),Registros!$E$2:$E$500,"<="&DATE(2026,4,DAY(EOMONTH(DATE(2026,4,1),0))))
D9: 2026-05 | E9: =SUMIFS(Registros!$K$2:$K$500,Registros!$E$2:$E$500,">="&DATE(2026,5,1),Registros!$E$2:$E$500,"<="&DATE(2026,5,DAY(EOMONTH(DATE(2026,5,1),0)))) | F9: =SUMIFS(Registros!$I$2:$I$500,Registros!$E$2:$E$500,">="&DATE(2026,5,1),Registros!$E$2:$E$500,"<="&DATE(2026,5,DAY(EOMONTH(DATE(2026,5,1),0)))) | G9: =SUMIFS(Registros!$J$2:$J$500,Registros!$E$2:$E$500,">="&DATE(2026,5,1),Registros!$E$2:$E$500,"<="&DATE(2026,5,DAY(EOMONTH(DATE(2026,5,1),0))))
D10: 2026-06 | E10: =SUMIFS(Registros!$K$2:$K$500,Registros!$E$2:$E$500,">="&DATE(2026,6,1),Registros!$E$2:$E$500,"<="&DATE(2026,6,DAY(EOMONTH(DATE(2026,6,1),0)))) | F10: =SUMIFS(Registros!$I$2:$I$500,Registros!$E$2:$E$500,">="&DATE(2026,6,1),Registros!$E$2:$E$500,"<="&DATE(2026,6,DAY(EOMONTH(DATE(2026,6,1),0)))) | G10: =SUMIFS(Registros!$J$2:$J$500,Registros!$E$2:$E$500,">="&DATE(2026,6,1),Registros!$E$2:$E$500,"<="&DATE(2026,6,DAY(EOMONTH(DATE(2026,6,1),0))))
D11: 2026-07 | E11: =SUMIFS(Registros!$K$2:$K$500,Registros!$E$2:$E$500,">="&DATE(2026,7,1),Registros!$E$2:$E$500,"<="&DATE(2026,7,DAY(EOMONTH(DATE(2026,7,1),0)))) | F11: =SUMIFS(Registros!$I$2:$I$500,Registros!$E$2:$E$500,">="&DATE(2026,7,1),Registros!$E$2:$E$500,"<="&DATE(2026,7,DAY(EOMONTH(DATE(2026,7,1),0)))) | G11: =SUMIFS(Registros!$J$2:$J$500,Registros!$E$2:$E$500,">="&DATE(2026,7,1),Registros!$E$2:$E$500,"<="&DATE(2026,7,DAY(EOMONTH(DATE(2026,7,1),0))))
D12: 2026-08 | E12: =SUMIFS(Registros!$K$2:$K$500,Registros!$E$2:$E$500,">="&DATE(2026,8,1),Registros!$E$2:$E$500,"<="&DATE(2026,8,DAY(EOMONTH(DATE(2026,8,1),0)))) | F12: =SUMIFS(Registros!$I$2:$I$500,Registros!$E$2:$E$500,">="&DATE(2026,8,1),Registros!$E$2:$E$500,"<="&DATE(2026,8,DAY(EOMONTH(DATE(2026,8,1),0)))) | G12: =SUMIFS(Registros!$J$2:$J$500,Registros!$E$2:$E$500,">="&DATE(2026,8,1),Registros!$E$2:$E$500,"<="&DATE(2026,8,DAY(EOMONTH(DATE(2026,8,1),0))))
D13: 2026-09 | E13: =SUMIFS(Registros!$K$2:$K$500,Registros!$E$2:$E$500,">="&DATE(2026,9,1),Registros!$E$2:$E$500,"<="&DATE(2026,9,DAY(EOMONTH(DATE(2026,9,1),0)))) | F13: =SUMIFS(Registros!$I$2:$I$500,Registros!$E$2:$E$500,">="&DATE(2026,9,1),Registros!$E$2:$E$500,"<="&DATE(2026,9,DAY(EOMONTH(DATE(2026,9,1),0)))) | G13: =SUMIFS(Registros!$J$2:$J$500,Registros!$E$2:$E$500,">="&DATE(2026,9,1),Registros!$E$2:$E$500,"<="&DATE(2026,9,DAY(EOMONTH(DATE(2026,9,1),0))))
D14: 2026-10 | E14: =SUMIFS(Registros!$K$2:$K$500,Registros!$E$2:$E$500,">="&DATE(2026,10,1),Registros!$E$2:$E$500,"<="&DATE(2026,10,DAY(EOMONTH(DATE(2026,10,1),0)))) | F14: =SUMIFS(Registros!$I$2:$I$500,Registros!$E$2:$E$500,">="&DATE(2026,10,1),Registros!$E$2:$E$500,"<="&DATE(2026,10,DAY(EOMONTH(DATE(2026,10,1),0)))) | G14: =SUMIFS(Registros!$J$2:$J$500,Registros!$E$2:$E$500,">="&DATE(2026,10,1),Registros!$E$2:$E$500,"<="&DATE(2026,10,DAY(EOMONTH(DATE(2026,10,1),0))))
D15: 2026-11 | E15: =SUMIFS(Registros!$K$2:$K$500,Registros!$E$2:$E$500,">="&DATE(2026,11,1),Registros!$E$2:$E$500,"<="&DATE(2026,11,DAY(EOMONTH(DATE(2026,11,1),0)))) | F15: =SUMIFS(Registros!$I$2:$I$500,Registros!$E$2:$E$500,">="&DATE(2026,11,1),Registros!$E$2:$E$500,"<="&DATE(2026,11,DAY(EOMONTH(DATE(2026,11,1),0)))) | G15: =SUMIFS(Registros!$J$2:$J$500,Registros!$E$2:$E$500,">="&DATE(2026,11,1),Registros!$E$2:$E$500,"<="&DATE(2026,11,DAY(EOMONTH(DATE(2026,11,1),0))))
D16: 2026-12 | E16: =SUMIFS(Registros!$K$2:$K$500,Registros!$E$2:$E$500,">="&DATE(2026,12,1),Registros!$E$2:$E$500,"<="&DATE(2026,12,DAY(EOMONTH(DATE(2026,12,1),0)))) | F16: =SUMIFS(Registros!$I$2:$I$500,Registros!$E$2:$E$500,">="&DATE(2026,12,1),Registros!$E$2:$E$500,"<="&DATE(2026,12,DAY(EOMONTH(DATE(2026,12,1),0)))) | G16: =SUMIFS(Registros!$J$2:$J$500,Registros!$E$2:$E$500,">="&DATE(2026,12,1),Registros!$E$2:$E$500,"<="&DATE(2026,12,DAY(EOMONTH(DATE(2026,12,1),0))))

Sheet Listas
A1: Tipo de Trabalho | B1: Status | C1: Sim/Não
A2: Desenvolvimento | B2: Concluído | C2: Sim
A3: Testes | B3: Em andamento | C3: Não
A4: Reunião | B4: Bloqueado
A5: Correção
A6: Análise
A7: Documentação
A8: Suporte
A9: Integração
